DATE,ADDRESS,CITY,STATE,POSTAL CODE,AGENT,BROKER,PRICE,LATITUDE,LONGITUDE
08/08/2024,4234 WESTMINSTER PLACE W,MISSISSAUGA,ONTARIO,L4W3V5,PAUL RIBAU,STONEMILL REALTY INC.,"$1,499,000",43.6170155,79.6198335
08/08/2024,2304 - 25 TRAILWOOD DRIVE,MISSISSAUGA,ONTARIO,L4Z3K9,DODIE MCDONALD,HOME & CONDO MARKET,"$519,900",43.6131375,79.6606287
08/08/2024,3932 NIGHTSHADE LANE,MISSISSAUGA,ONTARIO,L5N7J4,GYANESH PALIWAL,RE/MAX REALTY SPECIALISTS INC.,"$999,786",43.5664955,79.7726561
08/08/2024,284 BARONDALE DRIVE,MISSISSAUGA,ONTARIO,L4Z3T7,ANDREW DOUMONT,KELLER WILLIAMS REFERRED URBAN REALTY,"$1,499,900",43.6205634,79.6574688
08/08/2024,2906 - 4080 LIVING ARTS DRIVE,MISSISSAUGA,ONTARIO,L5B4N3,RAFFINA ZONBIA,ROYAL LEPAGE CONNECT REALTY,"$649,000",43.5877581,79.6450666
08/08/2024,2857 TERMINI TERRACE,MISSISSAUGA,ONTARIO,L5M5S3,MERCEDES STREKER,REXIG REALTY INVESTMENT GROUP LTD.,"$2,299,999",43.5685851,79.73703
08/08/2024,851 MAYS CRESCENT,MISSISSAUGA,ONTARIO,L5V2J1,FRANK LEO,RE/MAX WEST REALTY INC.,"$1,500,000",43.61540219,79.70902364
09/08/2024,39 MAPLEWOOD ROAD,MISSISSAUGA,ONTARIO,L5G2M7,KATE PETERSON,KELLER WILLIAMS REAL ESTATE ASSOCIATES,"$2,199,000",43.567148,79.5952619
09/08/2024,4234 WESTMINSTER PLACE,MISSISSAUGA,ONTARIO,L4W3V5,MYRON PLOTYCIA,"STONEMILL REALTY INC., BROKERAGE","$1,499,000",43.61694708,79.6193507
09/08/2024,1005 - 4090 LIVING ARTS DRIVE,MISSISSAUGA,ONTARIO,L5B4M8,DEEDAR GHATEHORDE,WORLD CLASS REALTY POINT,"$609,000",43.5882389,79.6457376
09/08/2024,56 - 3020 CEDARGLEN GATE,MISSISSAUGA,ONTARIO,L5C4S7,KATE PETERSON,KELLER WILLIAMS REAL ESTATE ASSOCIATES,"$819,888",43.5608156,79.6403956
09/08/2024,14 - 1480 BRITANNIA ROAD W,MISSISSAUGA,ONTARIO,L5V2K4,PIRATHEES BALAKRISHNAN,ROYAL LEPAGE IGNITE REALTY,"$929,000",43.5978342,79.7100791
09/08/2024,4 - 1128 DUNDAS STREET W,MISSISSAUGA,ONTARIO,L5C1E1,PARVEEN ARORA,RE/MAX REAL ESTATE CENTRE TEAM ARORA REALTY,"$799,000",43.5555637,79.6442616
09/08/2024,1103 - 3985 GRAND PARK DRIVE W,MISSISSAUGA,ONTARIO,L5B0H8,MARINA DOSS,IPRO REALTY LTD.,"$525,000",43.5816391,79.648193
09/08/2024,7113 CHATHAM COURT,MISSISSAUGA,ONTARIO,L5N8R1,MIKE CARPINO,IPRO REALTY LTD.,"$799,900",43.5845921,79.7795615
08/08/2024,104 - 6540 FALCONER DRIVE,MISSISSAUGA,ONTARIO,L5N1M1,DARYL KING,RE/MAX HALLMARK REALTY LTD.,"$769,000",43.6039912,79.7312558
08/08/2024,2807 - 4099 BRICKSTONE MEWS,MISSISSAUGA,ONTARIO,L5B0G2,DUSTIN JAMES GRAHAM,RE/MAX ESCARPMENT REALTY INC.,"$569,900",43.586505,79.6481139
08/08/2024,12 - 770 OTHELLO COURT,MISSISSAUGA,ONTARIO,L5W1Y2,JABRAN RAJA WAHEED,RE/MAX HALLMARK REALTY LTD.,"$998,900",43.6339572,79.7239184
08/08/2024,808 - 4850 GLEN ERIN DRIVE,MISSISSAUGA,ONTARIO,L5M7S1,MARK LAWRENCE PUBLOW,"INTERNATIONAL REALTY FIRM, INC.","$749,900",43.5526985,79.7124128
08/08/2024,10 - 5985 CREDITVIEW ROAD,MISSISSAUGA,ONTARIO,L5V2M9,EIMAN ALABIADH,KINGSWAY REAL ESTATE,"$787,000",43.5977414,79.7111358
08/08/2024,109 - 2315 BROMSGROVE ROAD,MISSISSAUGA,ONTARIO,L5J4A6,LIZ POLAK,CENTURY 21 MILLER REAL ESTATE LTD.,"$824,500",43.5099162,79.6412476
08/08/2024,80 ABSOLUTE AVENUE,MISSISSAUGA,ONTARIO,L4Z0A5,MANDEEP SINGH SADIOURA,CENTURY 21 PROPERTY ZONE REALTY INC.,"$849,000",43.5957237,79.6348588
08/08/2024,58 - 7475 GOREWAY DRIVE,MISSISSAUGA,ONTARIO,L4T3T3,STEVE ZAHND,REAL BROKER ONTARIO LTD.,"$699,000",43.7238276,79.6433188
08/08/2024,365 ASSINIBOINE TRAIL,MISSISSAUGA,ONTARIO,L5R2X9,CORRADO SCHIRRIPA,HARTLAND REALTY INC.,"$849,888",43.6034526,79.6660639
08/08/2024,2131 PEAR TREE ROAD,MISSISSAUGA,ONTARIO,L5A2S5,KRYSTLE MITCHELL-BRYSON,ROYAL LEPAGE MEADOWTOWNE REALTY,"$899,999",43.5802746,79.5921583
08/08/2024,3938 BAGGINS COURT,MISSISSAUGA,ONTARIO,L5N7A3,ALEXANDER ORGACKI,RED LEAF REAL ESTATE LTD.,"$1,350,000",43.5718272,79.7802208
08/08/2024,2315 BROMSGROVE ROAD UNIT# 109,MISSISSAUGA,ONTARIO,L5J4A6,LIZ POLAK,"CENTURY 21 MILLER REAL ESTATE LTD., BROKERAGE","$824,500",43.50976832,79.64108889
08/08/2024,5227 MISTY PINE CRESCENT,MISSISSAUGA,ONTARIO,L5M8C1,ARJUN VERMA,RE/MAX GOLD REALTY INC.,"$1,699,900",43.5436026,79.7332185
08/08/2024,1111 VANIER DRIVE,MISSISSAUGA,ONTARIO,L5H3W8,BEATA LASINSKI,IPRO REALTY LTD.,"$2,098,000",43.5423059,79.6226214
08/08/2024,94 - 5910 GREENSBORO DRIVE,MISSISSAUGA,ONTARIO,L5M5Z6,ARIO MOGHADDAM,EXP REALTY,"$949,888",43.5680926,79.7421672
08/08/2024,141 - 1060 DOUGLAS MCCURDY COMM ROAD,MISSISSAUGA,ONTARIO,L5G0C6,JULIAN LO,"INTERNATIONAL REALTY FIRM, INC.","$699,000",43.5668486,79.5707752
08/08/2024,2390 WHALEY DRIVE,MISSISSAUGA,ONTARIO,L5B2B5,MICHAEL BONDAREV,ARCREALTY INC.,"$1,089,000",43.5691721,79.6191043
09/08/2024,2391 DENISE ROAD,MISSISSAUGA,ONTARIO,L4X1J2,DONATO DINAPOLI,NEW ERA REAL ESTATE,"$2,495,000",43.6029606,79.5732642
09/08/2024,2558 CHALKWELL CLOSE,MISSISSAUGA,ONTARIO,L5J2B9,LOUIE IABONI,CAPITAL NORTH REALTY CORPORATION,"$949,900",43.5093855,79.651843
09/08/2024,809 - 1360 RATHBURN ROAD E,MISSISSAUGA,ONTARIO,L4W4H4,RENAN MENDIOLA,SUTTON GROUP REALTY SYSTEMS INC.,"$499,900",43.6248675,79.6073615
09/08/2024,1903 - 1535 LAKESHORE ROAD E,MISSISSAUGA,ONTARIO,L5E3E2,RANEEN DHADLI,THE MARKET REAL ESTATE INC.,"$749,900",43.5887039,79.5480746
09/08/2024,80 - 60 HANSON ROAD,MISSISSAUGA,ONTARIO,L5B2P6,ANDRE HILL,EXP REALTY,"$729,900",43.5843961,79.6247452
09/08/2024,5863 CHALFONT CRESCENT,MISSISSAUGA,ONTARIO,L5M6K4,TODD RUSSELL WORGAN,"SUTTON GROUP - SUMMIT REALTY INC., BROKERAGE","$1,095,000",43.56564941,79.746375
09/08/2024,605 - 70 PORT STREET E,MISSISSAUGA,ONTARIO,L5G4V8,KEVIN THOMAS LAROSE,"KELLER WILLIAMS REAL ESTATE ASSOCIATES, LAROSE TEAM","$749,000",43.5538535,79.582117
09/08/2024,16 - 3115 BOXFORD CRESCENT,MISSISSAUGA,ONTARIO,L5M0X1,SCOTT CHARLES REID,KELLER WILLIAMS REAL ESTATE ASSOCIATES,"$584,900",43.5492835,79.7200318
09/08/2024,588 RAPIDS LANE,MISSISSAUGA,ONTARIO,L5G0A9,ANGELA RUDENSKY,RIGHT AT HOME REALTY,"$1,999,000",43.56799,79.56907
09/08/2024,523 CORBIN COURT,MISSISSAUGA,ONTARIO,L5A1M2,MONIKA ANNA KAMYCKI,ROYAL LEPAGE REAL ESTATE SERVICES LTD.,"$1,399,888",43.5848884,79.5945721
09/08/2024,876 FABLE CRESCENT,MISSISSAUGA,ONTARIO,L5W1R3,MARCELLO CHIAPPETTA,RE/MAX CROSSTOWN REALTY INC.,"$1,299,500",43.6214569,79.7117719
09/08/2024,3952 HAZELRIDGE ROAD,MISSISSAUGA,ONTARIO,L5N6Z4,AIJAZ KOLACHI,RE/MAX GOLD REALTY INC.,"$1,299,000",43.5777088,79.7892145
09/08/2024,817 - 1485 LAKESHORE ROAD E,MISSISSAUGA,ONTARIO,L5E3G2,JARRETT HUNTER,ROYAL LEPAGE YOUR COMMUNITY REALTY,"$599,900",43.5880216,79.5502851
09/08/2024,1609 - 1535 LAKESHORE ROAD E,MISSISSAUGA,ONTARIO,L5E3E2,GILDA GREER,SUTTON GROUP-ASSOCIATES REALTY INC.,"$799,000",43.5222297,79.6182627
09/08/2024,7271 WINDRUSH COURT,MISSISSAUGA,ONTARIO,L5N6K2,NEIL ROBERT MAXWELL,RE/MAX REAL ESTATE CENTRE INC.,"$1,529,900",43.5970202,79.7745039
09/08/2024,220 FORUM DRIVE,MISSISSAUGA,ONTARIO,L4Z4K1,MIKE GATTI,RE/MAX WEST EXPERTS ZALUNARDO & ASSOCIATES REALTY,"$624,900",43.6116054,79.6493087
09/08/2024,5863 CHALFONT CRESCENT,MISSISSAUGA,ONTARIO,L5M6K4,TODD RUSSELL WORGAN,SUTTON GROUP - SUMMIT REALTY INC.,"$1,095,000",43.5656533,79.746375
09/08/2024,48 - 2605 WOODCHESTER DRIVE,MISSISSAUGA,ONTARIO,L5K2E3,SUDHIR PRADHAN,CENTURY 21 PEOPLE'S CHOICE REALTY INC.,"$820,000",43.526767,79.6741625
09/08/2024,1602 - 285 ENFIELD PLACE,MISSISSAUGA,ONTARIO,L5B3Y6,ABDUL RASHID,RE/MAX REAL ESTATE CENTRE INC.,"$599,900",43.5904745,79.6357006
09/08/2024,213 - 35 WATERGARDEN DRIVE,MISSISSAUGA,ONTARIO,L5R0G8,PUSHPINDER SINGH,UPHOMES REALTY POINT,"$575,000",43.6071043,79.6563466
09/08/2024,401 - 4011 BRICKSTONE MEWS,MISSISSAUGA,ONTARIO,L5B0J7,SUDH MISHRA,RIGHT AT HOME REALTY,"$621,000",43.5851105,79.6461723
09/08/2024,7356 DAVEMARK COURT,MISSISSAUGA,ONTARIO,L5N7P3,MOHAMMED SAYEED,RIGHT AT HOME REALTY,"$1,498,888",43.5920006,79.7832438
09/08/2024,4805 CRYSTAL ROSE DRIVE,MISSISSAUGA,ONTARIO,L5V1H2,KEN QI,HIGHLAND REALTY,"$1,499,000",43.5761156,79.6759855
09/08/2024,1141 FLAGSHIP DRIVE,MISSISSAUGA,ONTARIO,L4Y2K3,VLAD ONYSCHUK,RIGHT AT HOME REALTY,"$899,000",43.6089995,79.5969123
09/08/2024,1308 - 3883 QUARTZ ROAD,MISSISSAUGA,ONTARIO,L5B0M4,LAKHWINDER SINGH,RE/MAX REALTY SPECIALISTS INC.,"$451,000",43.5836918,79.644249
09/08/2024,2901 - 3883 QUARTZ ROAD,MISSISSAUGA,ONTARIO,L5B0M4,LAKHWINDER SINGH,RE/MAX REALTY SPECIALISTS INC.,"$599,000",43.5836918,79.644249
09/08/2024,1531 STANCOMBE CRESCENT,MISSISSAUGA,ONTARIO,L5N4P4,CAM SULLIVAN,KELLER WILLIAMS SIGNATURE REALTY,"$1,550,000",43.5998272,79.7168126
09/08/2024,1531 STANCOMBE CRESCENT,MISSISSAUGA,ONTARIO,L5N4P4,CAMERON SULLIVAN,"KELLER WILLIAMS SIGNATURE REALTY, BROKERAGE","$1,550,000",43.599779,79.7168126
09/08/2024,30 MAPLE AVENUE N,MISSISSAUGA,ONTARIO,L5H2S1,SAM ALLAN MCDADI,SAM MCDADI REAL ESTATE INC.,"$1,898,000",43.543459,79.5978065
09/08/2024,58 - 7190 ATWOOD LANE,MISSISSAUGA,ONTARIO,L5N7Y6,SYED AQEEL ABBAS,RE/MAX GOLD REALTY INC.,"$925,000",43.6212114,79.7406143
09/08/2024,53 - 2665 THOMAS STREET,MISSISSAUGA,ONTARIO,L5M6G6,BESSIE CHAN,RIGHT AT HOME REALTY,"$975,000",43.5675868,79.7274871
09/08/2024,26 - 5658 GLEN ERIN DRIVE,MISSISSAUGA,ONTARIO,L5M6C4,MONISH PAREKH,IPRO REALTY LTD.,"$949,999",43.56587,79.7314053
09/08/2024,5815 TIZ ROAD,MISSISSAUGA,ONTARIO,L5R0B6,SAIMA GILLANI,RIGHT AT HOME REALTY,"$959,900",43.6083368,79.6882293
09/08/2024,3324 BRANDON GATE DRIVE N,MISSISSAUGA,ONTARIO,L4T2G4,ROSE NEMANI,HOMELIFE LANDMARK REALTY INC.,"$1,299,900",43.7222229,79.6501403
09/08/2024,3371 COLUMBINE CRESCENT,MISSISSAUGA,ONTARIO,L5N6A9,KRIS KRAWIEC,RIGHT AT HOME REALTY,"$1,298,000",43.5635743,79.7540948
09/08/2024,104 - 3150 ERIN CENTRE BOULEVARD,MISSISSAUGA,ONTARIO,L5M7Z3,TONY KEITH,ONE PERCENT REALTY LTD.,"$874,900",43.5476344,79.7264474
09/08/2024,1500 MARSHWOOD PLACE,MISSISSAUGA,ONTARIO,L5J4J6,SAM ALLAN MCDADI,SAM MCDADI REAL ESTATE INC.,"$2,998,889",43.5190671,79.6121348
09/08/2024,54 - 3030 BREAKWATER COURT,MISSISSAUGA,ONTARIO,L5B4N8,SEOUK HYUN KIM,HOME STANDARDS BRICKSTONE REALTY,"$949,000",43.5748002,79.6227152
09/08/2024,2582 AMBERCROFT TRAIL,MISSISSAUGA,ONTARIO,L5M4K4,AMANDA BOLAND,RE/MAX REALTY SPECIALISTS INC.,"$1,475,500",43.5474874,79.7083938
08/08/2024,4118 TREETOP CRESCENT,MISSISSAUGA,ONTARIO,L5L2L8,LINA KULIAVAS,ROYAL LEPAGE REAL ESTATE SERVICES LTD.,"$1,188,000",43.5482213,79.6959913
08/08/2024,109 - 320 CITY CENTRE DRIVE,MISSISSAUGA,ONTARIO,L5B4P8,MAHER DIB,CITYVIEW REALTY INC.,"$625,000",43.5873883,79.6450864
08/08/2024,4365 FOREST FIRE LANE,MISSISSAUGA,ONTARIO,L4W3P3,MINA DEMIR,ONE PERCENT REALTY LTD.,"$1,299,000",43.6161534,79.6246837
08/08/2024,3013 OZZIE DRIVE,MISSISSAUGA,ONTARIO,L5M0N5,KUKENDRA ROMESH RAJADURAI,CENTURY 21 MILLER REAL ESTATE LTD.,"$949,999",43.5586237,79.7311068
08/08/2024,3633 ANNIVERSARY ROAD,MISSISSAUGA,ONTARIO,L5C2G2,KV SINGH,HOMELIFE/MIRACLE REALTY LTD,"$788,888",43.5645661,79.6646113
08/08/2024,575 CAVELL DRIVE,MISSISSAUGA,ONTARIO,L5B2P2,PARDEEP JASSI,CENTURY 21 PEOPLE'S CHOICE REALTY INC.,"$999,900",43.5629263,79.6224378
08/08/2024,3041 LAVENHAM PLACE,MISSISSAUGA,ONTARIO,L5M6K1,ANWAR MAJEED,EXECUTIVE HOMES REALTY INC.,"$999,999",43.5673216,79.7446193
08/08/2024,3203 JOEL KERBEL PLACE,MISSISSAUGA,ONTARIO,L4Y0B1,ADRIAN DINGLASAN,RE/MAX REALTY SPECIALISTS INC.,"$939,900",43.6047441,79.5920042
08/08/2024,40 - 345 MEADOWS BOULEVARD,MISSISSAUGA,ONTARIO,L4Z1G5,IRYNA FEDYTSKA,HOMELIFE/PARAMOUNT REALTY,"$899,000",43.6044922,79.6281142
09/08/2024,1919 BRITANNIA ROAD W,MISSISSAUGA,ONTARIO,L5M1P4,ELIZABETH JOCELYN TSE,RIGHT AT HOME REALTY,"$1,288,000",43.5899811,79.7207979
09/08/2024,3 - 4135 SHIPP DRIVE,MISSISSAUGA,ONTARIO,L4Z0A7,MICHAEL PHINNEY,ROYAL LEPAGE REAL ESTATE SERVICES PHINNEY REAL ESTATE,"$1,699,000",43.598735,79.6353828
09/08/2024,2309 - 3939 DUKE OF YORK BOULEVARD,MISSISSAUGA,ONTARIO,L5B4N2,GOURAV SETIA,RE/MAX REALTY SERVICES INC.,"$699,000",43.5882974,79.6402898
09/08/2024,5911 SIDMOUTH STREET,MISSISSAUGA,ONTARIO,L5V2Z3,PARDEEP JASSI,CENTURY 21 PEOPLE'S CHOICE REALTY INC.,"$1,299,900",43.5985021,79.7015544
09/08/2024,153 - 99 BRISTOL ROAD E,MISSISSAUGA,ONTARIO,L4Z3P4,MOHKAM SAINI,ROYAL LEPAGE CERTIFIED REALTY,"$929,000",43.6163274,79.6616741
09/08/2024,501 AVONWOOD DRIVE,MISSISSAUGA,ONTARIO,L5G1Y8,CORRIE HARDING KEIZS,KELLER WILLIAMS REAL ESTATE ASSOCIATES LAKESHORE ROAD EAST,"$3,599,900",43.57045828,79.57634894
09/08/2024,4 - 1764 RATHBURN ROAD E,MISSISSAUGA,ONTARIO,L4W2N8,RUBEN DINIS SILVA,ROYAL LEPAGE SUPREME REALTY,"$984,900",43.6347347,79.5982684
09/08/2024,991 INDIAN ROAD,MISSISSAUGA,ONTARIO,L5H1R6,PETER PAPOUSEK,RE/MAX REALTY ENTERPRISES INC.,"$2,998,850",43.5414457,79.615517
09/08/2024,60 - 2605 WOODCHESTER DRIVE,MISSISSAUGA,ONTARIO,L5K2E3,ASHER ULLAH,RE/MAX GOLD REALTY INC.,"$764,900",43.526767,79.6741625
09/08/2024,3023 MCDOWELL DRIVE,MISSISSAUGA,ONTARIO,L5M6J6,NURSHAT TARIM,IPRO REALTY LTD.,"$1,059,000",43.5658707,79.7415995
09/08/2024,7315 BLACKWOOD MEWS,MISSISSAUGA,ONTARIO,L5N8G9,WILLOW GONCHAR,ROYAL LEPAGE MEADOWTOWNE REALTY,"$1,325,000",43.5853085,79.7905404
09/08/2024,7285 ROSEHURST DRIVE,MISSISSAUGA,ONTARIO,L5N8H1,FRANK KHAN,ROYAL LEPAGE TERREQUITY REALTY,"$1,475,000",43.5821416,79.7921771
09/08/2024,3051 WRIGGLESWORTH CRESCENT,MISSISSAUGA,ONTARIO,L5M6W6,RAAD HANNOUDI,RE/MAX REALTY SERVICES INC.,"$990,000",43.5643645,79.7409583
09/08/2024,7315 BLACKWOOD MEWS,MISSISSAUGA,ONTARIO,L5N8G9,WILLOW GONCHAR,"ROYAL LEPAGE MEADOWTOWNE REALTY INC., BROKERAGE","$1,325,000",43.58531081,79.7905404
09/08/2024,3034 PARKERHILL ROAD,MISSISSAUGA,ONTARIO,L5B1V5,ZIEGLER COELHO,RIGHT AT HOME REALTY,"$899,000",43.5757188,79.6233755
09/08/2024,7173 VILLAGE WALK,MISSISSAUGA,ONTARIO,L5W1X2,SULOSAN THANGARAJAH,RE/MAX ROYAL PROPERTIES REALTY,"$1,148,000",43.636919,79.7205434
09/08/2024,102 - 1050 STAINTON DRIVE,MISSISSAUGA,ONTARIO,L5C2T7,VINO CHANDRAKUMAR,PROPERTY.CA INC.,"$570,000",43.5591099,79.6437362
09/08/2024,1500 TRENHOLME DRIVE,MISSISSAUGA,ONTARIO,L5J2N4,SAM ALLAN MCDADI,SAM MCDADI REAL ESTATE INC.,"$2,729,000",43.5212326,79.6150826
09/08/2024,1705 - 35 KINGSBRIDGE GARDEN CIRCLE,MISSISSAUGA,ONTARIO,L5R3Z5,LORETO SCAROLA,RE/MAX REALTY SPECIALISTS INC.,"$888,000",43.6049379,79.6512998
09/08/2024,487 FAIRVIEW ROAD W,MISSISSAUGA,ONTARIO,L5B3W7,HAMID INTEZAM,MODERN SOLUTION REALTY INC.,"$1,499,999",43.5764662,79.6351742
09/08/2024,2068 MISSISSAUGA ROAD,MISSISSAUGA,ONTARIO,L5H2K6,MICHAEL PHINNEY,ROYAL LEPAGE REAL ESTATE SERVICES PHINNEY REAL ESTATE,"$2,996,996",43.5443949,79.6316667
09/08/2024,6018 DUFORD DRIVE,MISSISSAUGA,ONTARIO,L5V1A8,PARDEEP JASSI,CENTURY 21 PEOPLE'S CHOICE REALTY INC.,"$1,199,000",43.6067162,79.7059516
09/08/2024,2068 MISSISSAUGA ROAD,MISSISSAUGA,ONTARIO,L5H2K6,MICHAEL PHINNEY,ROYAL LEPAGE REAL ESTATE SERVICES PHINNEY REAL EST,"$2,996,996",43.54441461,79.63170568
09/08/2024,1610 - 3880 DUKE OF YORK BOULEVARD,MISSISSAUGA,ONTARIO,L5B4M7,YASIR SALEH,RE/MAX REAL ESTATE CENTRE INC.,"$799,000",43.5870609,79.6412274
09/08/2024,501 AVONWOOD DRIVE,MISSISSAUGA,ONTARIO,L5G1Y8,CORRIE HARDING-KEIZS,KELLER WILLIAMS REAL ESTATE ASSOCIATES,"$3,599,900",43.570445,79.5763564
09/08/2024,604 - 200 ROBERT SPECK PARKWAY,MISSISSAUGA,ONTARIO,L4Z1S3,DODIE MCDONALD,HOME & CONDO MARKET,"$599,000",43.5972507,79.6320326
09/08/2024,2341 BROOKHURST ROAD,MISSISSAUGA,ONTARIO,L5J1R1,CARL SCHUY,RE/MAX REALTY ENTERPRISES INC.,"$799,500",43.5109635,79.6424205
09/08/2024,1779 FIFESHIRE COURT,MISSISSAUGA,ONTARIO,L5L2T3,SAM ALLAN MCDADI,SAM MCDADI REAL ESTATE INC.,"$1,950,000",43.5556997,79.6777908
09/08/2024,823 - 1625 BLOOR STREET E,MISSISSAUGA,ONTARIO,L4X1S3,SHEILA BARR,ROYAL LEPAGE TERREQUITY REALTY,"$565,000",43.6217382,79.5900656
09/08/2024,212 - 3025 THE CREDIT WOODLANDS,MISSISSAUGA,ONTARIO,L5C2V3,JACK LUAN,REAL HOME CANADA REALTY INC.,"$850,000",43.552825,79.6487489
09/08/2024,LOT 42 - 7155 WRIGLEY COURT,MISSISSAUGA,ONTARIO,L5W0C8,PARVEEN ARORA,RE/MAX REAL ESTATE CENTRE TEAM ARORA REALTY,"$1,799,900",43.6438522,79.7182485
09/08/2024,607 - 1320 MISSISSAUGA VALLEY,MISSISSAUGA,ONTARIO,L5A3S9,FARAN TAREEN,CENTURY 21 EMPIRE REALTY INC,"$599,900",43.5987178,79.6271365
09/08/2024,807 - 35 KINGSBRIDGE GARDEN CIRCLE,MISSISSAUGA,ONTARIO,L5R3Z5,NAVEED HAIDARI,RE/MAX REALTY SPECIALISTS INC.,"$769,900",43.6049379,79.6512998
09/08/2024,1089 MEREDITH AVENUE,MISSISSAUGA,ONTARIO,L5E2C8,DIANNA CHRISTINA BRADBURY,BRADBURY ESTATE REALTY INC.,"$979,000",43.5776287,79.5624178
09/08/2024,303 - 145 HILLCREST AVENUE,MISSISSAUGA,ONTARIO,L5B3Z1,JEYSURESH JEGANATHAN,CENTURY 21 PEOPLE'S CHOICE REALTY INC.,"$629,900",43.5801757,79.624255
09/08/2024,5 - 619 DUNDAS STREET W,MISSISSAUGA,ONTARIO,L5B0B5,SAM ALLAN MCDADI,SAM MCDADI REAL ESTATE INC.,"$699,000",43.5691892,79.6298228
09/08/2024,202 QUEEN STREET W,MISSISSAUGA,ONTARIO,L5H1L6,DIANNA CHRISTINA BRADBURY,BRADBURY ESTATE REALTY INC.,"$3,700,000",43.5437398,79.5999656
09/08/2024,13 MULLET DRIVE,MISSISSAUGA,ONTARIO,L5M2N2,ROMEILA SON,HARVEY KALLES REAL ESTATE LTD.,"$1,184,000",43.5738779,79.7113502
09/08/2024,3215 PARKERHILL ROAD,MISSISSAUGA,ONTARIO,L5B1V7,BASKARAN KANNIAH,RE/MAX ACE REALTY INC.,"$1,299,000",43.5796577,79.627511
09/08/2024,35A BROADVIEW AVENUE,MISSISSAUGA,ONTARIO,L5H2S8,SAM ALLAN MCDADI,SAM MCDADI REAL ESTATE INC.,"$1,950,000",43.5429019,79.5985306
09/08/2024,1904 - 1580 MISSISSAUGA VALLEY BOULEVARD,MISSISSAUGA,ONTARIO,L5A3T8,ASIF AKHTER,SUTTON GROUP REALTY SYSTEMS INC.,"$540,000",43.5916819,79.6280155
09/08/2024,2018 - 25 KINGSBRIDGE GARDEN CIRCLE,MISSISSAUGA,ONTARIO,L5R4B1,KATE MILLER,KINGSWAY REAL ESTATE,"$1,150,000",43.6043468,79.6509363
09/08/2024,2 - 110 LITTLE CREEK ROAD,MISSISSAUGA,ONTARIO,L5R0E9,ELIN TONG,RE/MAX REALTRON REALTY INC.,"$1,288,000",43.6059381,79.6577055
09/08/2024,2437 YORKTOWN CIRCLE,MISSISSAUGA,ONTARIO,L5M5Y1,JAMES KURNIAWAN,TRUSTWELL REALTY INC.,"$1,499,000",43.5733673,79.7165208
09/08/2024,3500 CROATIA DRIVE,MISSISSAUGA,ONTARIO,L5B3K9,NEELAM LALANI,IPRO REALTY LTD.,"$1,199,999",43.5820424,79.6391372
09/08/2024,278 MISSISSAUGA VALLEY BOULEVARD,MISSISSAUGA,ONTARIO,L5A1Y8,HUSSEIN ZAVERY,HOMELIFE G1 REALTY INC.,"$999,999",43.5888895,79.619448
09/08/2024,1213 - 35 WATERGARDEN DRIVE,MISSISSAUGA,ONTARIO,L5R1B2,SHEHRYAAR TASAWAR HASSAN,HOMELIFE GALAXY REAL ESTATE LTD.,"$849,000",43.6071043,79.6563466
09/08/2024,2008 - 225 WEBB DRIVE,MISSISSAUGA,ONTARIO,L5B3Y5,MAZ BIRJANI,IPRO REALTY LTD.,"$679,888",43.5876985,79.6398502
09/08/2024,3836 ALLCROFT ROAD,MISSISSAUGA,ONTARIO,L5N6V6,RUKHSANA MALIK,RE/MAX REALTY SERVICES INC.,"$1,099,000",43.5767926,79.7812948
09/08/2024,77 - 5610 MONTEVIDEO ROAD,MISSISSAUGA,ONTARIO,L5N2N9,SURA HAMDAN,ROYAL LEPAGE SIGNATURE REALTY,"$785,999",43.5794409,79.7535703
09/08/2024,5649 CONDOR PLACE,MISSISSAUGA,ONTARIO,L5V2J5,JENNIFER BROWNSON,RE/MAX ESCARPMENT REALTY INC.,"$1,399,900",43.5933325,79.6945389
09/08/2024,#92 - 180 MISSISSAUGA VALLEY BOULEVARD,MISSISSAUGA,ONTARIO,L5A3M2,KRIS BRIDGLALL,ADVISORS REALTY,"$699,000",43.5867544,79.6237832
09/08/2024,1408 - 510 CURRAN PLACE E,MISSISSAUGA,ONTARIO,L5B0J8,REZA SADRKHANLOU,PROPERTY.CA INC.,"$575,000",43.5856931,79.6464523
09/08/2024,2196 MISSISSAUGA ROAD,MISSISSAUGA,ONTARIO,L5H2K9,SAM ALLAN MCDADI,SAM MCDADI REAL ESTATE INC.,"$2,299,000",43.5420722,79.6356847
09/08/2024,1 - 3010 ERIN CENTRE BOULEVARD,MISSISSAUGA,ONTARIO,L5M0P5,DANIEL HALE,EXP REALTY,"$799,999",43.5523467,79.72306
09/08/2024,PH3 - 2345 CONFEDERATION PARKWAY,MISSISSAUGA,ONTARIO,L5B2H3,FRANK LEO,RE/MAX WEST REALTY INC.,"$525,000",43.5733408,79.6124607
09/08/2024,5027 NORTHERN LIGHTS CIRCLE,MISSISSAUGA,ONTARIO,L5R2P7,XIAOFENG XU,BAY STREET GROUP INC.,"$1,089,000",43.5964933,79.6659788
09/08/2024,1916 - 339 RATHBURN ROAD W,MISSISSAUGA,ONTARIO,L5B0K6,EVAN XU,HOMELIFE LANDMARK REALTY INC.,"$739,000",43.590262,79.6526868
09/08/2024,2850 WINDJAMMER ROAD,MISSISSAUGA,ONTARIO,L5L1T7,TEDDY EWERE,RIGHT AT HOME REALTY,"$1,099,000",43.5304956,79.6853215
09/08/2024,05 - 4017 HICKORY DRIVE,MISSISSAUGA,ONTARIO,L4W1L1,RISHI SALWAN,RIGHT AT HOME REALTY,"$777,777",43.6218751,79.6038952
09/08/2024,304 - 1575 LAKESHORE ROAD W,MISSISSAUGA,ONTARIO,L5J0B1,CONRAD GUY ZURINI,RE/MAX ESCARPMENT REALTY INC.,"$679,000",43.5211951,79.6206286
09/08/2024,2102 - 3100 KIRWIN AVENUE,MISSISSAUGA,ONTARIO,L5A3S6,JESSICA ALEXOPOULOS,ROYAL LEPAGE MACRO REALTY,"$569,000",43.5838736,79.6165553
09/08/2024,1402 - 4889 KIMBERMOUNT AVENUE,MISSISSAUGA,ONTARIO,L5M7R9,OLIVIA SUET MUI TSANG,RIGHT AT HOME REALTY,"$529,888",43.5521381,79.7130212
09/08/2024,2707 - 90 ABSOLUTE AVENUE,MISSISSAUGA,ONTARIO,L4Z0A3,JORIE PRESSWOOD,RE/MAX REALTY SPECIALISTS INC.,"$649,000",43.5956021,79.6338496
09/08/2024,5054 PRESERVATION CIRCLE,MISSISSAUGA,ONTARIO,L5M7T5,TEHREEM KAMAL,ROYAL LEPAGE REAL ESTATE SERVICES LTD.,"$999,000",43.5415902,79.7281741
09/08/2024,3821 TRELAWNY CIRCLE,MISSISSAUGA,ONTARIO,L5N5J6,AJAY CHAUHAN,HOMELIFE/MIRACLE REALTY LTD,"$1,499,900",43.57711,79.7720499
09/08/2024,6872 DARCEL AVENUE,MISSISSAUGA,ONTARIO,L4T2W5,HARJIT KAUR,RE/MAX GOLD REALTY INC.,"$850,000",43.7219014,79.6250084
09/08/2024,127 - 2095 ROCHE COURT,MISSISSAUGA,ONTARIO,L5K2C8,DRAGINJA KAPETANOVIC,ROYAL LEPAGE REALTY CENTRE,"$665,000",43.5275167,79.6476494
09/08/2024,08 - 4005 HICKORY DRIVE,MISSISSAUGA,ONTARIO,L4W1L1,RAJESH KUMAR BHATIA,HARIMAX REALTY POINT,"$990,000",43.6218904,79.6043221
09/08/2024,2902 - 80 ABSOLUTE AVENUE,MISSISSAUGA,ONTARIO,L4Z0A5,NOT AVAILABLE,KHOULANI REAL ESTATE GROUP INC.,"$589,900",43.5957237,79.6348588
09/08/2024,1084 CHARMINSTER CRESCENT,MISSISSAUGA,ONTARIO,L5V1R1,VANESSA PEREIRA,SEARCH REALTY,"$1,299,000",43.5875833,79.6793563
09/08/2024,47B - 1084 QUEEN STREET W,MISSISSAUGA,ONTARIO,L5H4K4,JOHN OZOLINS,ROYAL LEPAGE REAL ESTATE SERVICES LTD.,"$950,000",43.5351598,79.6073374
09/08/2024,32 - 600 SILVER CREEK BOULEVARD,MISSISSAUGA,ONTARIO,L5A2B4,MICHAEL HOPE,SUTTON GROUP QUANTUM REALTY INC.,"$789,000",43.5946098,79.6058154
09/08/2024,105 - 1580 MISSISSAUGA VALLEY BOULEVARD,MISSISSAUGA,ONTARIO,L5A3T8,RODELIO A. CUEVAS,RE/MAX REALTRON REALTY INC.,"$529,000",43.5916819,79.6280155
09/08/2024,3411 ENNISKILLEN CIRCLE N,MISSISSAUGA,ONTARIO,L5C2M9,ALEKSANDRA KLEPCZYNSKI,IPRO REALTY LTD.,"$1,879,999",43.5569429,79.659983
09/08/2024,3306 - 8 NAHANI WAY,MISSISSAUGA,ONTARIO,L4Z4J8,PETER NORMAN MICKUS,ROYAL LEPAGE/J & D DIVISION,"$679,000",43.6095441,79.6556881
09/08/2024,3708 KETCHUM COURT,MISSISSAUGA,ONTARIO,L5L4S4,ASHLEY SHUMATE,HARVEY KALLES REAL ESTATE LTD.,"$1,600,000",43.5308693,79.7047413
09/08/2024,15 - 6050 BIDWELL TRAIL,MISSISSAUGA,ONTARIO,L5V1V6,HARCH KAUR,"RIGHT AT HOME REALTY, BROKERAGE","$959,000",43.6011181,79.7110788
09/08/2024,4107 WHEELWRIGHT CRESCENT,MISSISSAUGA,ONTARIO,L5L2X3,MIKE MCCARTHY,RE/MAX ESCARPMENT REALTY INC.,"$2,199,900",43.5548842,79.6846985
09/08/2024,839 FORESTWOOD DRIVE,MISSISSAUGA,ONTARIO,L5C1G6,SHAHID KHAWAJA,SHAHID KHAWAJA REAL ESTATE INC.,"$1,379,900",43.564493,79.6400513
09/08/2024,40 - 230 PAISLEY BOULEVARD W,MISSISSAUGA,ONTARIO,L5B0C5,RAJESH JAIN,CENTURY 21 PEOPLE'S CHOICE REALTY INC.,"$1,224,900",43.5711654,79.6164004
09/08/2024,10 - 1735 THE COLLEGEWAY,MISSISSAUGA,ONTARIO,L5L3S7,JIM GALLAGHER,"RIGHT AT HOME REALTY, BROKERAGE","$1,069,888",43.5450314,79.6665305
09/08/2024,GR41 - 1575 LAKESHORE ROAD W,MISSISSAUGA,ONTARIO,L5J1J4,MICHAEL PHINNEY,ROYAL LEPAGE REAL ESTATE SERVICES PHINNEY REAL ESTATE,"$604,000",43.5211951,79.6206286
09/08/2024,302 - 4099 BRICKSTONE MEWS,MISSISSAUGA,ONTARIO,L5B0G2,VISHAL HANDA,RE/MAX REAL ESTATE CENTRE INC.,"$599,000",43.586505,79.6481139
09/08/2024,TH07 - 3883 QUARTZ ROAD,MISSISSAUGA,ONTARIO,L5B0M4,RAJESH KUMAR BHATIA,HARIMAX REALTY POINT,"$1,265,000",43.5836918,79.644249
09/08/2024,2133 MILLWAY GATE,MISSISSAUGA,ONTARIO,L5L1R2,DANIELLE MOSCHELLA,"ROYAL LEPAGE REAL ESTATE SERVICES LTD., BROKERAGE","$1,099,000",43.54061715,79.67607128
09/08/2024,36 - 3950 ERIN CENTRE BOULEVARD,MISSISSAUGA,ONTARIO,L5M0A5,MAHMOUD ABDELMEGID,ROYAL LEPAGE REAL ESTATE SERVICES LTD.,"$939,000",43.5405113,79.7386942
09/08/2024,202 - 115 HILLCREST AVENUE,MISSISSAUGA,ONTARIO,L5B3Y9,LOUIS ELIAS KAPELERIS,IPRO REALTY LTD.,"$539,000",43.5809575,79.6239537
09/08/2024,7224 VISOR GATE,MISSISSAUGA,ONTARIO,L5N8B5,SONIA AVILA-COUTO,ROYAL LEPAGE FLOWER CITY REALTY,"$1,059,000",43.6261589,79.741104
09/08/2024,2133 MILLWAY GATE,MISSISSAUGA,ONTARIO,L5L1R2,DANIELLE MOSCHELLA,ROYAL LEPAGE REAL ESTATE SERVICES LTD.,"$1,099,000",43.5406111,79.6760739
09/08/2024,2203 WAYCROSS CRESCENT,MISSISSAUGA,ONTARIO,L5K1J4,SUHAIL KHALID,RE/MAX REAL ESTATE CENTRE INC.,"$1,299,000",43.5291208,79.663682
09/08/2024,53 - 3420 SOUTH MILLWAY,MISSISSAUGA,ONTARIO,L5L3V4,MICHAEL TANAKA,BOSLEY REAL ESTATE LTD.,"$799,900",43.5445821,79.6775484
09/08/2024,738 BALBOA DRIVE,MISSISSAUGA,ONTARIO,L5H2V6,SAM ALLAN MCDADI,SAM MCDADI REAL ESTATE INC.,"$4,498,000",43.538263,79.5979444
09/08/2024,PH3 - 50 ABSOLUTE AVENUE,MISSISSAUGA,ONTARIO,L4Z0A8,RYAN FRANCIS HAYDAR,REVEL REALTY INC.,"$1,275,000",43.5946119,79.6350528
09/08/2024,1701 - 335 RATHBURN ROAD W,MISSISSAUGA,ONTARIO,L5B0C8,MAHMOOD ARSHAD,CENTURY 21 GREEN REALTY INC.,"$499,000",43.5895769,79.6523972
09/08/2024,409 - 1400 DIXIE ROAD,MISSISSAUGA,ONTARIO,L5E3E1,ANDY SAGU,CENTURY 21 PEOPLE'S CHOICE REALTY INC.,"$749,000",43.5906804,79.5613256
09/08/2024,5727 RETREAT STREET,MISSISSAUGA,ONTARIO,L5R0B5,SAM ALLAN MCDADI,SAM MCDADI REAL ESTATE INC.,"$1,098,888",43.6080258,79.6893946
09/08/2024,3390 BERTRAND ROAD,MISSISSAUGA,ONTARIO,L5L4G1,YVONNE KOSINSKA,HOMELIFE/RESPONSE REALTY INC.,"$1,299,000",43.5301758,79.7129401
09/08/2024,706 - 25 TRAILWOOD DRIVE,MISSISSAUGA,ONTARIO,L4Z3K9,KRISHAN CHAHAL,IPRO REALTY LTD.,"$524,999",43.6131375,79.6606287
09/08/2024,51 - 455 APACHE COURT,MISSISSAUGA,ONTARIO,L4Z3W8,ANGIE KOO,RE/MAX REALTRON YC REALTY,"$872,900",43.6183512,79.6486792
09/08/2024,2202 - 365 PRINCE OF WALES DRIVE,MISSISSAUGA,ONTARIO,L5B0G6,BASHAR MAHFOOTH,RE/MAX REAL ESTATE CENTRE INC.,"$734,900",43.589625,79.6480509
09/08/2024,4021 MAHOGANY ROW,MISSISSAUGA,ONTARIO,L4W2H7,GEORGE BAUK,RE/MAX WEST REALTY INC.,"$1,670,000",43.6332403,79.5918979
09/08/2024,1545 WEMBURY ROAD,MISSISSAUGA,ONTARIO,L5J2L8,DAVID MERKER,CBRE LIMITED,"$1,845,000",43.533667,79.6346175
09/08/2024,3351 CREDIT HEIGHTS DRIVE,MISSISSAUGA,ONTARIO,L5C2M1,MO SNOBAR,SNOBAR REALTY GROUP INC.,"$1,349,000",43.5559789,79.661506
09/08/2024,2594 PRIVET COURT,MISSISSAUGA,ONTARIO,L5B2Z4,MARY MARGARET NILSEN,ROYAL LEPAGE SIGNATURE REALTY,"$1,350,000",43.5732517,79.6228607
09/08/2024,50 ABSOLUTE AVENUE UNIT# PH3 - 5003,MISSISSAUGA,ONTARIO,L4Z0A8,RYAN F. HAYDAR,REVEL REALTY INC. BROKERAGE,"$1,275,000",43.59486541,79.635644
09/08/2024,608 - 3533 DERRY ROAD E,MISSISSAUGA,ONTARIO,L4T1B1,SATRO JAGDEO,HOMELIFE/MIRACLE REALTY LTD,"$534,947",43.7143676,79.6314802
09/08/2024,807 SILVERTHORN MILL AVENUE,MISSISSAUGA,ONTARIO,L5W1A9,NATASHA AHLUWALIA,COLDWELL BANKER THE REAL ESTATE CENTRE,"$1,378,888",43.6279435,79.7204466
09/08/2024,903 - 3700 KANEFF CRESCENT,MISSISSAUGA,ONTARIO,L5A4B8,MANU RAMACHANDRAN,THE CANADIAN HOME REALTY INC.,"$599,900",43.5947485,79.6322664
09/08/2024,1456 QUEST CIRCLE,MISSISSAUGA,ONTARIO,L5N8B4,FLAVIO DOS SANTOS,"INTERNATIONAL REALTY FIRM, INC.","$888,888",43.6250718,79.7422111
09/08/2024,1575 LAKESHORE ROAD W UNIT# GR41,MISSISSAUGA,ONTARIO,L5J1J4,MICHAEL PHINNEY,ROYAL LEPAGE REAL ESTATE SERVICES PHINNEY REAL EST,"$604,000",43.52062506,79.61943292
09/08/2024,38 - 1725 THE CHASE,MISSISSAUGA,ONTARIO,L5M4N3,JIM GALLAGHER,"RIGHT AT HOME REALTY, BROKERAGE","$939,888",43.5639904,79.7002359
09/08/2024,4143 TAPESTRY TRAIL,MISSISSAUGA,ONTARIO,L4W4E4,KARYNA GONGALSKYY,ROYAL LEPAGE REALTY PLUS,"$2,298,000",43.6372856,79.5935644
09/08/2024,3445 AQUINAS AVENUE,MISSISSAUGA,ONTARIO,L5M7L2,SHAHID KHAWAJA,SHAHID KHAWAJA REAL ESTATE INC.,"$1,799,998",43.541546,79.7234328
09/08/2024,808 - 28 ANN STREET,MISSISSAUGA,ONTARIO,L5G0E1,ZOYA ZAJAC,THE GREENHEART GROUP,"$1,039,000",43.5563609,79.5856811
09/08/2024,13 - 3415 RIDGEWAY DRIVE,MISSISSAUGA,ONTARIO,L5L0B4,EMIL KIRIAKOS,ROYAL LEPAGE REAL ESTATE SERVICES LTD.,"$828,000",43.524297,79.7039393
09/08/2024,132 - 1168 ARENA ROAD,MISSISSAUGA,ONTARIO,L4Y4K7,IRMA CUENCA,RIGHT AT HOME REALTY,"$929,000",43.6064249,79.5906319
09/08/2024,1022 SIERRA BOULEVARD,MISSISSAUGA,ONTARIO,L4Y2E5,KEVIN THOMAS LAROSE,"KELLER WILLIAMS REAL ESTATE ASSOCIATES, LAROSE TEAM","$1,269,000",43.6037881,79.5957879
09/08/2024,203 - 2323 CONFEDERATION PARKWAY,MISSISSAUGA,ONTARIO,L5B1R6,JON LAMBERT,RE/MAX TWIN CITY REALTY INC.,"$499,900",43.5729956,79.6117386
08/08/2024,22 - 86 PRESTON MEADOW AVENUE,MISSISSAUGA,ONTARIO,L4Z0C8,VINAY THIND,RE/MAX REALTY SPECIALISTS INC.,"$703,500",43.6099802,79.6534869
08/08/2024,3111 COTTAGE CLAY ROAD,MISSISSAUGA,ONTARIO,L5B4J4,JACKIE DU,HIGHLAND REALTY,"$899,000",43.5711119,79.6326697
08/08/2024,2406 - 3650 KANEFF CRESCENT,MISSISSAUGA,ONTARIO,L5A4A1,HEIDI D. LIVINGSTON,WEST-100 METRO VIEW REALTY LTD.,"$519,900",43.5938961,79.6328012
08/08/2024,1508 THETFORD COURT,MISSISSAUGA,ONTARIO,L5J3N5,JACQUELINE FEELEY,SUTTON GROUP QUANTUM REALTY INC.,"$1,149,000",43.5200193,79.6446024
08/08/2024,1060 GALESWAY BOULEVARD,MISSISSAUGA,ONTARIO,L5V2N7,IRFAN KHAN,KELLER WILLIAMS REFERRED URBAN REALTY,"$1,399,000",43.6046452,79.7008123
08/08/2024,1407 - 3650 KANEFF CRESCENT,MISSISSAUGA,ONTARIO,L5A4A1,JOHN JOSEPH,ROYAL LEPAGE FLOWER CITY REALTY,"$799,000",43.5938961,79.6328012
08/08/2024,TH81 - 4005 HICKORY DRIVE N,MISSISSAUGA,ONTARIO,L1W1L1,BRIJESH PATEL,HOMELIFE/MIRACLE REALTY LTD,"$899,999",43.6218904,79.6043221
08/08/2024,808 - 4065 BRICKSTONE MEWS E,MISSISSAUGA,ONTARIO,L5B0G3,KJ SINGH KATHURIA,HOMELIFE/MIRACLE REALTY LTD,"$629,000",43.5860367,79.6470782
08/08/2024,4405 - 4011 BRICKSTONE MEWS,MISSISSAUGA,ONTARIO,L5B0G3,ALEXANDRA BOTYUK,RIGHT AT HOME REALTY,"$599,900",43.5851105,79.6461723
08/08/2024,308 - 3401 RIDGEWAY DRIVE,MISSISSAUGA,ONTARIO,L5L5T3,ALTAF MIAN,HOMELIFE/MIRACLE REALTY LTD,"$499,988",43.5241492,79.7046194
08/08/2024,710 - 65 WATERGARDEN DRIVE,MISSISSAUGA,ONTARIO,L5R1B2,SHAZRE HAMEED,THE CANADIAN HOME REALTY INC.,"$555,000",43.6072667,79.6565048
08/08/2024,4160 BEACON LANE,MISSISSAUGA,ONTARIO,L5C3V9,FARIS ZARIFA,ROYAL LEPAGE SIGNATURE REALTY,"$969,000",43.5754279,79.6649229
08/08/2024,923 BRISTOL ROAD W,MISSISSAUGA,ONTARIO,L5V2N9,BEAUTY DE ROSA,IPRO REALTY LTD,"$1,948,800",43.5975808,79.683303
08/08/2024,7447 SAINT BARBARA BOULEVARD,MISSISSAUGA,ONTARIO,L5W0G3,PATRICK NJOKU,IPRO REALTY LTD.,"$1,150,000",43.6445572,79.7242786
09/08/2024,39 - 199 HILLCREST AVENUE,MISSISSAUGA,ONTARIO,L5B4L5,ANDREW DOUMONT,KELLER WILLIAMS REFERRED URBAN REALTY,"$929,000",43.5794922,79.6261072
09/08/2024,7 - 5100 PLANTATION PLACE,MISSISSAUGA,ONTARIO,L5M0S4,SANJEEV CHOWDHARY,IPRO REALTY LTD.,"$3,150/MONTHLY",43.5534844,79.7180936
09/08/2024,12 - 3538 COLONIAL DRIVE,MISSISSAUGA,ONTARIO,L5L5R9,KULWANT SINGH,99HOMES REALTY INC.,"$2,850/MONTHLY",43.5249754,79.7030554
09/08/2024,701 - 385 PRINCE OF WALES DRIVE,MISSISSAUGA,ONTARIO,L5B0C6,JENNIFER J L ATKINS,FOREST HILL REAL ESTATE INC.,"$2,400/MONTHLY",43.5891045,79.6493719
09/08/2024,209 - 3700 KANEFF CRESCENT,MISSISSAUGA,ONTARIO,L5A4B8,RAY HANNA,IPRO REALTY LTD.,"$400,000",43.5947485,79.6322664
09/08/2024,2 - 3120 BOXFORD CRESCENT,MISSISSAUGA,ONTARIO,L5M0X1,MATTHEW YAN,ROYAL LEPAGE GOLDEN RIDGE REALTY,"$2,900/MONTHLY",43.5494845,79.7194143
09/08/2024,817 - 1485 LAKESHORE ROAD E,MISSISSAUGA,ONTARIO,L5E3G2,JARRETT HUNTER,ROYAL LEPAGE YOUR COMMUNITY REALTY,"$2,500/MONTHLY",43.5880216,79.5502851
09/08/2024,306 - 50 ABSOLUTE AVENUE,MISSISSAUGA,ONTARIO,L4Z0A8,JAYA KAUR DEWAN,RE/MAX REAL ESTATE CENTRE INC.,"$498,000",43.5949429,79.6357215
09/08/2024,1005 - 2301 DERRY ROAD W,MISSISSAUGA,ONTARIO,L5N2R4,CONRAD GUY ZURINI,RE/MAX ESCARPMENT REALTY INC.,"$499,900",43.5932972,79.7666107
09/08/2024,2106 GRANGE DRIVE,MISSISSAUGA,ONTARIO,L5B1P5,DEANA FELDMAN,CHESTNUT PARK REAL ESTATE LIMITED,"$2,890,000",43.5695109,79.6042953
09/08/2024,4009 RIVER MILL WAY,MISSISSAUGA,ONTARIO,L4W4C1,JOE G. MACHADO,HOMELIFE REGIONAL REALTY LTD.,"$2,799,000",43.6351385,79.5917263
09/08/2024,105 - 5255 GUILDWOOD WAY,MISSISSAUGA,ONTARIO,L5R4A9,GLAD HO,SUTTON GROUP - SUMMIT REALTY INC.,"$799,000",43.6013944,79.6712481
09/08/2024,3960 SELKIRK PLACE,MISSISSAUGA,ONTARIO,L5L3L5,MARNIE ELIZABETH PEDERSEN,ROYAL LEPAGE SIGNATURE REALTY,"$1,690,000",43.5558591,79.676605
09/08/2024,41 - 1180 MISSISSAUGA VALLEY BOULEVARD,MISSISSAUGA,ONTARIO,L5A3M9,SANDRO LIMOTTA,RE/MAX PROFESSIONALS INC.,"$808,000",43.6007171,79.6224845
09/08/2024,230 - 1055 DUNDAS STREET E,MISSISSAUGA,ONTARIO,L4Y3X6,ALEX ATTIA,CENTURY 21 BEST SELLERS LTD.,"$499,000",43.6023616,79.5926837
09/08/2024,135 - 1575 LAKESHORE ROAD W,MISSISSAUGA,ONTARIO,L5J0B1,SAMIRA KLEYN,ROYAL LEPAGE REAL ESTATE SERVICES LTD.,"$899,000",43.5211194,79.6207098
09/08/2024,6528 WESTERN SKIES WAY,MISSISSAUGA,ONTARIO,L5W1G4,TEJ KAHLON,KING REALTY INC.,"$1,695,000",43.6324205,79.7141074
09/08/2024,2597 HOMELANDS DRIVE,MISSISSAUGA,ONTARIO,L5K1H5,MARCO GREGORIS,MINCOM SOLUTIONS REALTY INC.,"$1,299,900",43.5213175,79.6734932
09/08/2024,115 - 4185 SHIPP DRIVE,MISSISSAUGA,ONTARIO,L4Z2Y8,JENVY NGUYEN,HIRSCH AND ASSOCIATES REAL ESTATE INC.,"$499,900",43.5994937,79.6377724
09/08/2024,519 - 4055 PARKSIDE DRIVE,MISSISSAUGA,ONTARIO,L5B0K8,ANNURAG CHAWLA,RE/MAX REAL ESTATE CENTRE INC.,"$897,000",43.5859417,79.6485598
09/08/2024,2603 - 5025 FOUR SPRINGS AVENUE,MISSISSAUGA,ONTARIO,L5R0G5,PANKAJ ARORA,RE/MAX GOLD REALTY INC.,"$609,000",43.6065258,79.655441
09/08/2024,13 - 3071 TREADWELLS DRIVE,MISSISSAUGA,ONTARIO,L4X0A1,MICHAEL DEAK,RE/MAX REAL ESTATE CENTRE INC.,"$849,000",43.6176688,79.5775043
09/08/2024,3266 SPRINGRUN WAY,MISSISSAUGA,ONTARIO,L5M6T2,JOSEPH HLADY,RE/MAX PROFESSIONALS INC.,"$1,175,000",43.5622593,79.7497806
09/08/2024,4441 SEDGEFIELD ROAD,MISSISSAUGA,ONTARIO,L5M3B6,GARY BETTS,RE/MAX REALTY SPECIALISTS INC.,"$1,569,900",43.5581723,79.6965275
09/08/2024,1210 - 33 ELM DRIVE,MISSISSAUGA,ONTARIO,L5B4M2,SHAN JAFFREY,CENTURY 21 INNOVATIVE REALTY INC.,"$579,900",43.59046,79.63231
09/08/2024,75 MAPLE AVENUE SOUTH AVENUE S UNIT# 4,MISSISSAUGA,ONTARIO,L5H2R7,KEVIN THOMAS LA ROSE,"KELLER WILLIAMS REAL ESTATE ASSOCIATES, LAROSE TEAM, BROKERAGE","$1,828,000",43.5411859,79.5885179
09/08/2024,508 - 80 PORT STREET E,MISSISSAUGA,ONTARIO,L5G1M5,LYNDA COWAN,RE/MAX REALTY SPECIALISTS INC.,"$1,180,000",43.5545649,79.5813267
09/08/2024,907 - 4879 KIMBERMOUNT AVENUE S,MISSISSAUGA,ONTARIO,L5M7R8,INDER MAVI,RE/MAX REAL ESTATE CENTRE INC.,"$589,700",43.5516714,79.7135352
09/08/2024,5615 DR PEDDLE CRESCENT,MISSISSAUGA,ONTARIO,L5M0K4,MONA TAYAL,IPRO REALTY LTD.,"$1,700,000",43.5498085,79.7379174
09/08/2024,1404 - 1360 RATHBURN ROAD E,MISSISSAUGA,ONTARIO,L4W4H4,SIMON KELLU,RE/MAX REAL ESTATE CENTRE INC.,"$649,900",43.6248675,79.6073615
09/08/2024,208 - 1115 DOUGLAS MCCURDY COMM,MISSISSAUGA,ONTARIO,L5G4B1,SANDIP CHOOK,ROYAL LEPAGE WEST REALTY GROUP LTD.,"$950,000",43.5673484,79.5736211
09/08/2024,125 - 1221 DUNDIX ROAD,MISSISSAUGA,ONTARIO,L4Y3Y9,NADIA FARYNA,FORESTWOOD REAL ESTATE INC.,"$799,000",43.607647,79.5899045
09/08/2024,5511 OSCAR PETERSON BOULEVARD,MISSISSAUGA,ONTARIO,L5M0V9,AMIT DHAWAN,CENTURY 21 ATRIA REALTY INC.,"$1,599,000",43.5550712,79.7211405
09/08/2024,759 FABLE CRESCENT,MISSISSAUGA,ONTARIO,L5W1S1,MICHAEL PAPIS,ROYAL LEPAGE SIGNATURE REALTY,"$1,085,000",43.6204173,79.7121142
09/08/2024,522 LANA TERRACE,MISSISSAUGA,ONTARIO,L5A3B3,SANDIP CHOOK,ROYAL LEPAGE WEST REALTY GROUP LTD.,"$949,000",43.5951385,79.6093309
09/08/2024,75 - 1812 BURNHAMTHORPE ROAD E,MISSISSAUGA,ONTARIO,L4X0A3,JOSIE FERRARI,THE NOOK REALTY INC.,"$1,225,000",43.631201,79.5915673
09/08/2024,36 ANDRIKA COURT,MISSISSAUGA,ONTARIO,L4Z4E9,SANDIP CHOOK,ROYAL LEPAGE WEST REALTY GROUP LTD.,"$950,000",43.6187176,79.6675143
09/08/2024,17 - 1812 BURNHAMTHORPE ROAD E,MISSISSAUGA,ONTARIO,L4X0A3,ANDY QIU,BAY STREET GROUP INC.,"$1,275,000",43.6311004,79.5914471
09/08/2024,208 - 285 ENFIELD PLACE,MISSISSAUGA,ONTARIO,L5B4L8,FLAVIO DOS SANTOS,"INTERNATIONAL REALTY FIRM, INC.","$699,000",43.5904745,79.6357006
09/08/2024,411 - 35 WATERGARDEN DRIVE,MISSISSAUGA,ONTARIO,L5R0G8,MIKE CZERNIECKI,RED HOUSE REALTY,"$596,000",43.6070281,79.6564226
09/08/2024,2407 - 4011 BRICKSTONE MEWS,MISSISSAUGA,ONTARIO,L5B0J7,BO WANG,KAIZEN CAPITAL REALTY PARTNERS,"$728,000",43.5851105,79.6461723
09/08/2024,7074 MAGIC COURT,MISSISSAUGA,ONTARIO,L4T3A1,BOB SENGAR,SUTTON GROUP - REALTY EXPERTS INC.,"$949,900",43.7215046,79.6263639
09/08/2024,801 - 2560 EGLINTON AVENUE W,MISSISSAUGA,ONTARIO,L5M0Y3,AYDIN RAHIMY KHORASANI,IPRO REALTY LTD.,"$499,000",43.557685,79.7068287
08/08/2024,4867 RATHKEALE ROAD,MISSISSAUGA,ONTARIO,L5V1K5,BESS STONE,ROYAL LEPAGE SIGNATURE REALTY,"$1,299,000",43.5776024,79.6805783
08/08/2024,4289 GUILDWOOD WAY,MISSISSAUGA,ONTARIO,L5R0A7,NICOLE VARGAS ALFONSO,CENTURY 21 LEADING EDGE REALTY INC.,"$1,599,000",43.5924975,79.6596081
08/08/2024,904 OASIS DRIVE,MISSISSAUGA,ONTARIO,L5V0C7,RAJ CHUGH,HOMELIFE G1 REALTY INC.,"$1,399,900",43.595311,79.6824524
08/08/2024,401 - 1111 BOUGH BEECHES BOULEVARD,MISSISSAUGA,ONTARIO,L4W4N1,CARL SCHUY,RE/MAX REALTY ENTERPRISES INC.,"$749,500",43.6250009,79.6009498
08/08/2024,7549 CATALPA ROAD,MISSISSAUGA,ONTARIO,L4T2T2,KHEJ RAJ KHANAL,HOMELIFE/MIRACLE REALTY LTD,"$849,000",43.7235214,79.6474284
08/08/2024,66 - 4620 GUILDWOOD WAY,MISSISSAUGA,ONTARIO,L5R4H4,LUIS BRICENO,WHITE OAK REALTY INC.,"$764,888",43.5938157,79.6656543
08/08/2024,2227 BELFAST CRESCENT,MISSISSAUGA,ONTARIO,L5K1N7,HEATHER KLUSZCZYNSKI,IPRO REALTY LTD.,"$999,900",43.5327002,79.669973
08/08/2024,268 - 1575 LAKESHORE ROAD W,MISSISSAUGA,ONTARIO,L5J0B1,MATTHEW SMITH,ROYAL LEPAGE REALTY PLUS,"$619,900",43.5205718,79.6203644
08/08/2024,1305 - 50 ABSOLUTE AVENUE,MISSISSAUGA,ONTARIO,L4Z0A8,DOROTA KOSIBA,KELLER WILLIAMS EDGE REALTY,"$489,999",43.5949429,79.6357215
08/08/2024,5341 LONGHOUSE CRESCENT,MISSISSAUGA,ONTARIO,L5R4A5,FAIRY YU,RE/MAX REAL ESTATE CENTRE INC.,"$879,000",43.5981596,79.6775398
08/08/2024,7181 SEDAN SQUARE,MISSISSAUGA,ONTARIO,L5W1L5,SUBHASH PUNNI,CENTURY 21 PEOPLE'S CHOICE REALTY INC.,"$1,080,000",43.6344885,79.729001
08/08/2024,1575 LAKESHORE ROAD W UNIT# 268,MISSISSAUGA,ONTARIO,L5J0B1,MATTHEW SMITH,ROYAL LEPAGE REALTY PLUS,"$619,900",43.52055752,79.62037654
08/08/2024,1222 CORNERBROOK PLACE,MISSISSAUGA,ONTARIO,L5C3J4,JENNY ZHOU,FORESTWOOD REAL ESTATE INC.,"$1,088,000",43.5533845,79.6456768
08/08/2024,240 CHERRY POST DRIVE,MISSISSAUGA,ONTARIO,L5A1H9,KATRINA TAVARES,ENGEL & VOLKERS OAKVILLE,"$1,349,000",43.5772023,79.5988575
08/08/2024,4718 CRYSTAL ROSE DRIVE,MISSISSAUGA,ONTARIO,L5V1G8,HANK ZENG,RE/MAX IMPERIAL REALTY INC.,"$1,748,888",43.5744227,79.6762845
08/08/2024,615 - 2929 AQUITAINE AVENUE,MISSISSAUGA,ONTARIO,L5N2C7,HANAN ALHASANI,HOMELIFE EXCELSIOR REALTY INC.,"$465,000",43.5839096,79.763307
08/08/2024,306 - 3100 KIRWIN AVENUE,MISSISSAUGA,ONTARIO,L5A3S6,CALVIN JAY ONILLA,RE/MAX REALTY ENTERPRISES INC.,"$489,900",43.5838736,79.6165553
08/08/2024,7178 HARWICK DRIVE,MISSISSAUGA,ONTARIO,L4T3A4,HARJIT KAUR,RE/MAX GOLD REALTY INC.,"$959,900",43.7235228,79.6291085
08/08/2024,3123 PURNELL COURT,MISSISSAUGA,ONTARIO,L4T2J7,SANDY KENNEDY,RE/MAX REALTY SERVICES INC.,"$799,000",43.7085831,79.6417345
08/08/2024,1628 WOODEDEN DRIVE,MISSISSAUGA,ONTARIO,L5H3S5,SENAN SULAIMAN POULES,ROYAL LEPAGE REALTY PLUS,"$1,779,000",43.5451909,79.621391
08/08/2024,3601 NADINE CRESCENT,MISSISSAUGA,ONTARIO,L5A3L5,DAVID BATORI,RE/MAX HALLMARK BATORI GROUP INC.,"$1,385,000",43.5999577,79.6204477
08/08/2024,1613 - 55 KINGSBRIDGE GARDEN CIRCLE,MISSISSAUGA,ONTARIO,L5R1Y1,MO SAFARI,CENTURY 21 GREEN REALTY INC.,"$649,000",43.6030691,79.6507601
08/08/2024,5816 GANT CRESCENT E,MISSISSAUGA,ONTARIO,L5V2T5,PARDEEP GREWAL,HOMELIFE SILVERCITY REALTY INC.,"$1,185,000",43.6058138,79.7018781
08/08/2024,1039 BLAIRHOLM AVENUE,MISSISSAUGA,ONTARIO,L5C1G5,JEFF MACKENZIE,ROYAL LEPAGE SIGNATURE REALTY,"$994,000",43.5598554,79.6428749
09/08/2024,3052 CABANO CRESCENT,MISSISSAUGA,ONTARIO,L5M0C6,ALBERT LAI,REMAX REALTY SPECIALISTS INC SHERWOODTOWNE BLVD,"$998,000",43.55219637,79.72665031
09/08/2024,3101 - 60 ABSOLUTE AVENUE,MISSISSAUGA,ONTARIO,L4Z0A9,RAMESH PONNIAH,HOMELIFE/FUTURE REALTY INC.,"$699,000",43.5947237,79.6351562
09/08/2024,1010 - 2301 DERRY ROAD W,MISSISSAUGA,ONTARIO,L5N2R4,XIAOFEI PENG,SMART SOLD REALTY,"$719,900",43.5932972,79.7666107
09/08/2024,904 - 3145 QUEEN FREDERICA DRIVE,MISSISSAUGA,ONTARIO,L4Y3A7,TRACY MACH,HOMELIFE NEW WORLD REALTY INC.,"$460,000",43.6098745,79.591114
09/08/2024,3052 CABANO CRESCENT,MISSISSAUGA,ONTARIO,L5M0C6,ALBERT Y.K. LAI,RE/MAX REALTY SPECIALISTS INC.,"$998,000",43.5521768,79.7266305
09/08/2024,6605 JAZZY MEWS,MISSISSAUGA,ONTARIO,L5W1S2,HUNG TAT TERRY CHAN,HOMELIFE NEW WORLD REALTY INC.,"$999,000",43.6192508,79.7138036
09/08/2024,408 - 350 WEBB DRIVE,MISSISSAUGA,ONTARIO,L5B3W4,CHRIS KOSALKA,HOMELIFE PARTNERS REALTY CORP.,"$499,900",43.5847288,79.6420288
09/08/2024,4923 SEBASTIANS DRIVE,MISSISSAUGA,ONTARIO,L5M7L7,JULIE PANOYAN,RE/MAX ABOUTOWNE REALTY CORP.,"$1,399,000",43.5403037,79.7238832
09/08/2024,3948 MANATEE WAY,MISSISSAUGA,ONTARIO,L5M6P5,ALEXANDRU BEJINARIU,"INTERNATIONAL REALTY FIRM, INC.","$999,000",43.5537192,79.7563631
08/08/2024,2 - 3350 THOMAS STREET,MISSISSAUGA,ONTARIO,L5M0R2,SHAILENDRA SHRIVASTAVA,CENTURY 21 GREEN REALTY INC.,"$1,049,000",43.5585064,79.7407962
08/08/2024,2003 - 335 RATHBURN ROAD W,MISSISSAUGA,ONTARIO,L5B0C8,SANDRA SILVA,MAIN STREET REALTY LTD.,"$635,000",43.5895769,79.6523972
08/08/2024,6246 MIRIAM WAY,MISSISSAUGA,ONTARIO,L5N7V5,MATTHEW JOSEPH REGAN,ROYAL LEPAGE REAL ESTATE SERVICES REGAN REAL ESTATE,"$1,195,000",43.5602434,79.7660752
08/08/2024,1107 - 50 ABSOLUTE AVENUE,MISSISSAUGA,ONTARIO,L4Z0A8,NARGESS ZAHRAEI,OUR NEIGHBOURHOOD REALTY INC.,"$539,900",43.5949429,79.6357215
08/08/2024,1808 - 1535 LAKESHORE ROAD E,MISSISSAUGA,ONTARIO,L5E3E2,SHELLEY PORRITT,ROYAL LEPAGE PORRITT REAL ESTATE,"$719,000",43.5892868,79.5484938
08/08/2024,9 - 3025 DESTINATION DRIVE,MISSISSAUGA,ONTARIO,L5M0P3,TRANG NGUYEN,ROYAL LEPAGE SIGNATURE REALTY,"$829,900",43.5504983,79.7211672
08/08/2024,3906 THOMAS STREET,MISSISSAUGA,ONTARIO,L5M7B5,PARVEEN ARORA,RE/MAX REAL ESTATE CENTRE TEAM ARORA REALTY,"$1,499,000",43.5500578,79.7487719
08/08/2024,43 BENSON AVENUE,MISSISSAUGA,ONTARIO,L5H2P3,JOEL KEITNER,KELLER WILLIAMS REFERRED URBAN REALTY,"$2,750,000",43.5456916,79.5967525
08/08/2024,903 - 265 ENFIELD PLACE,MISSISSAUGA,ONTARIO,L5B3Y7,HANI AL OLABI,RE/MAX GOLD REALTY INC.,"$589,900",43.59081,79.63616
08/08/2024,3242 REDPATH CIRCLE,MISSISSAUGA,ONTARIO,L5N8R2,HANY ISKANDAR,HOMELIFE/MIRACLE REALTY LTD,"$879,999",43.5849991,79.7790867
09/08/2024,1402 - 28 ANN STREET,MISSISSAUGA,ONTARIO,L5G3G1,SARA KELCEY,THE GREENHEART GROUP,"$610,000",43.5563609,79.5856811
09/08/2024,710 - 3501 GLEN ERIN DRIVE,MISSISSAUGA,ONTARIO,L5L2E9,ANIA BRYCZEK,IPRO REALTY LTD.,"$499,999",43.5385756,79.6873198
09/08/2024,63 - 3050 ORLEANS ROAD,MISSISSAUGA,ONTARIO,L5L5P7,AMY HUANG,HOMELIFE LANDMARK REALTY INC.,"$988,000",43.5260875,79.6883965
09/08/2024,180 - 75 BRISTOL ROAD E,MISSISSAUGA,ONTARIO,L4Z3P2,AMEIL GILL,RE/MAX REAL ESTATE CENTRE INC.,"$539,999",43.6166193,79.6650162
09/08/2024,799 ENVOY DRIVE,MISSISSAUGA,ONTARIO,L5W1H3,ANMOL KHANNA,RE/MAX GOLD REALTY INC.,"$1,425,000",43.63415,79.7263318
09/08/2024,3206 - 4065 BRICKSTONE MEWS,MISSISSAUGA,ONTARIO,L5B0G3,SEAN CHI,MASTER'S TRUST REALTY INC.,"$688,000",43.585947,79.647003
09/08/2024,1649 BIRCHWOOD DRIVE,MISSISSAUGA,ONTARIO,L5J1T5,SAM ALLAN MCDADI,SAM MCDADI REAL ESTATE INC.,"$7,388,000",43.5254631,79.6286747
09/08/2024,63 - 5035 OSCAR PETERSON BOULEVARD,MISSISSAUGA,ONTARIO,L5M0P4,SAM ALLAN MCDADI,SAM MCDADI REAL ESTATE INC.,"$750,000",43.5480072,79.7209551
09/08/2024,2402 - 223 WEBB DRIVE,MISSISSAUGA,ONTARIO,L5B0E8,PAT KAPOOR,PRECON REALTY POINT,"$599,000",43.5883329,79.6395304
09/08/2024,19 - 650 ATWATER AVENUE,MISSISSAUGA,ONTARIO,L5E3K2,SHIV RAI,NEW ERA REAL ESTATE,"$749,900",43.5736762,79.5731533
09/08/2024,217 - 4975 SOUTHAMPTON DRIVE,MISSISSAUGA,ONTARIO,L5M8C5,CHIRAG PATEL,CENTURY 21 PEOPLE'S CHOICE REALTY INC.,"$619,900",43.546676,79.7192937
09/08/2024,1512 SANDGATE CRESCENT,MISSISSAUGA,ONTARIO,L5J2E5,THANH HIEP HUYNH,IPRO REALTY LTD.,"$939,800",43.5115575,79.653567
08/08/2024,2011 - 4080 LIVING ARTS DRIVE,MISSISSAUGA,ONTARIO,L5B4N3,SAM ALLAN MCDADI,SAM MCDADI REAL ESTATE INC.,"$749,000",43.5877581,79.6450666
08/08/2024,209 - 325 WEBB DRIVE,MISSISSAUGA,ONTARIO,L5B3Z9,WALTER GALVAO,KELLER WILLIAMS EDGE REALTY,"$629,000",43.5860098,79.6417168
08/08/2024,7159 TRIUMPH LANE,MISSISSAUGA,ONTARIO,L5N0C5,SUSHIL AGRAWAL,YOUR GTA REAL ESTATE INC.,"$760,000",43.5816429,79.7797054
08/08/2024,2801 - 220 BURNHAMTHORPE ROAD W,MISSISSAUGA,ONTARIO,L5B4N4,BILL SAINI,IPRO REALTY LTD.,"$618,800",43.5887441,79.6400586
08/08/2024,5344 RICHBOROUGH DRIVE,MISSISSAUGA,ONTARIO,L5R3K1,WISAM ASKAR,ROYAL LEPAGE REAL ESTATE SERVICES LTD.,"$1,300,000",43.5979182,79.6763919
08/08/2024,3233 MCMASTER ROAD,MISSISSAUGA,ONTARIO,L5L5G6,YANG YANG,HOMELIFE FRONTIER YANG REALTY INC.,"$1,150,000",43.5222202,79.694474
08/08/2024,2606 - 550 WEBB DRIVE,MISSISSAUGA,ONTARIO,L5B3Y4,JAG AUJLA,RE/MAX REALTY SPECIALISTS INC.,"$610,000",43.5813463,79.6457234
08/08/2024,2513 SHARON CRESCENT,MISSISSAUGA,ONTARIO,L5C1Y9,SAM ALLAN MCDADI,SAM MCDADI REAL ESTATE INC.,"$4,888,888",43.5544292,79.6402578
08/08/2024,55 EGLINTON AVENUE W,MISSISSAUGA,ONTARIO,L5R0E4,ROYA WAFA,HOMELIFE/MIRACLE REALTY LTD,"$699,000",43.6064318,79.6543282
08/08/2024,6349 AMBER GLEN DRIVE,MISSISSAUGA,ONTARIO,L5N7V8,DARSHANA KETANKUMAR PATEL,CITYSCAPE REAL ESTATE LTD.,"$1,100,000",43.5627614,79.7677565
08/08/2024,5344 RICHBOROUGH DRIVE,MISSISSAUGA,ONTARIO,L5R3K1,WISAM ASKAR,"ROYAL LEPAGE REAL ESTATE SERVICES LTD., BROKERAGE","$1,300,000",43.59792251,79.67639458
09/08/2024,2711 - 3900 CONFEDERATION PARKWAY,MISSISSAUGA,ONTARIO,L5B0M3,RAMAN GILL,CHAMPS REAL ESTATE BROKERAGE INC.,"$499,900",43.5845952,79.6450251
09/08/2024,680 ATWATER AVENUE UNIT# 20,MISSISSAUGA,ONTARIO,L5G4K7,LEJLA MASOVIC,THE AGENCY,"$699,999",43.57388193,79.57309896
09/08/2024,1 - 600 SILVER CREEK BOULEVARD,MISSISSAUGA,ONTARIO,L5A2B4,LINDA MCLELLAN,FOREST HILL REAL ESTATE INC.,"$799,999",43.5946098,79.6058154
09/08/2024,2308 - 4065 BRICKSTONE MEWS,MISSISSAUGA,ONTARIO,L5B0G3,QI LIN,U RELAKS REALTY INC.,"$629,000",43.5860367,79.6470782
09/08/2024,2005 - 5025 FOUR SPRINGS AVENUE,MISSISSAUGA,ONTARIO,L5R0G5,AKBAR ZAREH,KINGSWAY REAL ESTATE,"$579,000",43.6065258,79.655441
09/08/2024,225 WEBB DRIVE UNIT# 1908,MISSISSAUGA,ONTARIO,L5B4P2,RITIN GUPTA,HOMELIFE MIRACLE REALTY LTD,"$699,000",43.58782397,79.63990173
09/08/2024,1908 - 225 WEBB DRIVE,MISSISSAUGA,ONTARIO,L5B3Y5,KAMALDEEP SINGH,CENTURY 21 RED STAR REALTY INC.,"$699,000",43.5877545,79.6398906
09/08/2024,3269 GREENBELT CRESCENT,MISSISSAUGA,ONTARIO,L5N5X8,SAM ALLAN MCDADI,SAM MCDADI REAL ESTATE INC.,"$1,198,800",43.5656038,79.7543194
09/08/2024,1840 PINE SISKIN COURT,MISSISSAUGA,ONTARIO,L5L2Y3,KATHARINE NIEBLER,RE/MAX ULTIMATE REALTY INC.,"$2,365,000",43.5497515,79.6729821
09/08/2024,2261 STILLMEADOW ROAD,MISSISSAUGA,ONTARIO,L5B1X6,DOLLY LIM,IPRO REALTY LTD.,"$1,500,000",43.5648373,79.6158955
09/08/2024,1163 GREENING AVENUE,MISSISSAUGA,ONTARIO,L4Y1H3,AUSTA MEUNIER,ROYAL LEPAGE BURLOAK REAL ESTATE SERVICES,"$1,199,900",43.594967,79.576697
09/08/2024,218 - 1165 JOURNEYMAN LANE,MISSISSAUGA,ONTARIO,L5J0B6,REET BABRAH,SAVE MAX REAL ESTATE INC.,"$499,999",43.5114481,79.6370362
09/08/2024,20 - 680 ATWATER AVENUE,MISSISSAUGA,ONTARIO,L5G4K7,DAVE BAKOWSKY,THE AGENCY,"$699,999",43.5740257,79.5734101
09/08/2024,4084 TRAPPER CRESCENT,MISSISSAUGA,ONTARIO,L5L3A9,SHAILESH PATEL,RE/MAX ULTIMATE REALTY INC.,"$1,365,000",43.5551577,79.6881991
09/08/2024,4583 FULL MOON CIRCLE,MISSISSAUGA,ONTARIO,L4Z2N6,JAMES S. HODGINS,HODGINS REALTY GROUP INC.,"$1,298,880",43.6164564,79.6361735
09/08/2024,807 - 208 ENFIELD PLACE,MISSISSAUGA,ONTARIO,L5B0G8,ASHA SINGH,ROYAL LEPAGE SIGNATURE REALTY,"$599,000",43.5919415,79.6343926
09/08/2024,820 - 4055 PARKSIDE VILLAGE DRIVE,MISSISSAUGA,ONTARIO,L5B0K8,NOT AVAILABLE,KHOULANI REAL ESTATE GROUP INC.,"$744,000",43.5854861,79.6477509
09/08/2024,3452 SANDERLING CRESCENT,MISSISSAUGA,ONTARIO,L5L3P5,DONNA LEE,HOME STANDARDS BRICKSTONE REALTY,"$1,890,000",43.5472069,79.6767871
09/08/2024,69 - 7222 TRIUMPH LANE,MISSISSAUGA,ONTARIO,L5N0C5,HANAN ISKANDAR,ROYAL LEPAGE REAL ESTATE SERVICES LTD.,"$910,000",43.5815,79.78072
09/08/2024,43 CHALFIELD LANE,MISSISSAUGA,ONTARIO,L4Z1K8,AKBAR ZAREH,KINGSWAY REAL ESTATE,"$1,048,800",43.6011989,79.6377868
09/08/2024,411 - 1063 DOUGLAS MCCURDY CMN,MISSISSAUGA,ONTARIO,L5G0C5,OBED JEAN-JACQUES,ROYAL LEPAGE TERREQUITY REALTY,"$599,000",43.5673081,79.5721193
09/08/2024,678 MACBETH HEIGHTS,MISSISSAUGA,ONTARIO,L5W1E5,SHARON HYMAN,HYMAN REALTY INC.,"$1,295,000",43.6364388,79.7250556
09/08/2024,31 - 750 BURNHAMTHORPE ROAD E,MISSISSAUGA,ONTARIO,L4Y2X3,SONIA AVILA-COUTO,ROYAL LEPAGE FLOWER CITY REALTY,"$888,000",43.608922,79.616807
09/08/2024,1905 - 35 KINGS BRIDGE CIRCLE W,MISSISSAUGA,ONTARIO,L5R3Z5,FAIRY YU,RE/MAX REAL ESTATE CENTRE INC.,"$859,900",43.6049379,79.6512998
08/08/2024,46 - 7155 MAGISTRATE TERRACE,MISSISSAUGA,ONTARIO,L5W1Y8,KATERINA ATAPINA,HOMELIFE NEW WORLD REALTY INC.,"$949,800",43.6349563,79.722113
08/08/2024,1109 - 65 WATERGARDEN DRIVE,MISSISSAUGA,ONTARIO,L5R0G9,KENA LI,HOMELIFE NEW WORLD REALTY INC.,"$785,000",43.6072667,79.6565048
08/08/2024,2302 - 385 PRINCE OF WALES DRIVE,MISSISSAUGA,ONTARIO,L5B0C6,MICHAEL ANNAN,RE/MAX PROFESSIONALS INC.,"$634,900",43.5891003,79.6493363
08/08/2024,265 ENFIELD PLACE UNIT# 903,MISSISSAUGA,ONTARIO,L5B3Y7,HANI AL OLABI,"RE/MAX GOLD REALTY INC., BROKERAGE","$589,900",43.59078195,79.63628338
09/08/2024,155 - 85 BRISTOL ROAD E,MISSISSAUGA,ONTARIO,L4Z3P3,STANLEY BERNARDO,ROYAL LEPAGE SIGNATURE REALTY,"$499,000",43.6167788,79.664119
09/08/2024,2109 - 335 RATHBURN ROAD W,MISSISSAUGA,ONTARIO,L5B0C8,FAWAD M SHEIKH,IPRO REALTY LTD.,"$589,900",43.5895769,79.6523972
09/08/2024,613 - 95 TRAILWOOD DRIVE,MISSISSAUGA,ONTARIO,L4Z3L2,MOHIT GORAYA,SAVE MAX REAL ESTATE INC.,"$559,900",43.6156014,79.659503
09/08/2024,85 BRISTOL ROAD E UNIT# 155,MISSISSAUGA,ONTARIO,L4Z3P3,STANLEY BERNARDO,ROYAL LEPAGE SIGNATURE REALTY,"$499,000",43.6167789,79.66414419
09/08/2024,4 - 75 MAPLE AVENUE S,MISSISSAUGA,ONTARIO,L5H2R7,KEVIN THOMAS LAROSE,"KELLER WILLIAMS REAL ESTATE ASSOCIATES, LAROSE TEAM","$1,828,000",43.5412233,79.5886681
09/08/2024,7384 MANION ROAD,MISSISSAUGA,ONTARIO,L4T2K6,CHETNA GARG,RIGHT AT HOME REALTY EXCELLENCE,"$989,000",43.7139433,79.6502325
09/08/2024,8 - 806 STAINTON DRIVE W,MISSISSAUGA,ONTARIO,L5C2T2,INDY DEOL,ROYAL LEPAGE SIGNATURE REALTY,"$649,999",43.56429,79.63873
09/08/2024,47 - 2145 SHEROBEE ROAD,MISSISSAUGA,ONTARIO,L5A3G8,MARIA ISABEL SWANNELL,SUTTON GROUP QUANTUM REALTY INC.,"$883,000",43.5735132,79.6013345
09/08/2024,1 - 3365 BOBWHITE MEWS,MISSISSAUGA,ONTARIO,L5N6E7,SHRUTI SHARMA,SAVE MAX REAL ESTATE INC.,"$1,399,999",43.5685089,79.7636466
09/08/2024,3352 QUEEN FREDERICA DRIVE,MISSISSAUGA,ONTARIO,L4Y3B2,DEEPAK MALIK,ANCHOR NEW HOMES INC.,"$1,169,000",43.6116534,79.5980829
09/08/2024,6875 DARCEL AVENUE,MISSISSAUGA,ONTARIO,L4T2W6,PARAMVIR CHAHAL,HOMELIFE/MIRACLE REALTY LTD,"$999,000",43.7219149,79.6256366
09/08/2024,4086 HICKORY DRIVE,MISSISSAUGA,ONTARIO,L4W1K9,SAM ALLAN MCDADI,SAM MCDADI REAL ESTATE INC.,"$3,188,000",43.6225083,79.6068961
09/08/2024,33 WENONAH DRIVE,MISSISSAUGA,ONTARIO,L5G3W2,SAM ALLAN MCDADI,SAM MCDADI REAL ESTATE INC.,"$3,599,000",43.560665,79.571162
09/08/2024,6110 LISGAR DRIVE,MISSISSAUGA,ONTARIO,L5N8J6,GHADA MOZAN,BONNATERA REALTY,"$1,649,900",43.5612855,79.7631505
09/08/2024,2 - 3510 SOUTH MILLWAY,MISSISSAUGA,ONTARIO,L5L3T9,DAVID DODIC,ROYAL LEPAGE REALTY CENTRE,"$879,900",43.5475696,79.6796535
09/08/2024,3852 ROSANNA DRIVE,MISSISSAUGA,ONTARIO,L5M7Y1,SAM ALLAN MCDADI,SAM MCDADI REAL ESTATE INC.,"$2,200,000",43.5448491,79.7386116
09/08/2024,PH06 - 1100 CAVEN STREET,MISSISSAUGA,ONTARIO,L5G4N3,KELLY CHONG,RE/MAX PROFESSIONALS INC.,"$575,000",43.5705329,79.5698236
09/08/2024,33 - 5610 MONTEVIDEO ROAD,MISSISSAUGA,ONTARIO,L5N2N9,ZIA MD NOWROZ BHUIYAN,CENTURY 21 PEOPLE'S CHOICE REALTY INC.,"$799,000",43.5794409,79.7535703
09/08/2024,3278 WILMAR CRESCENT,MISSISSAUGA,ONTARIO,L5L4B3,SAAD HUSSAIN,IPRO REALTY LTD.,"$1,349,990",43.5345255,79.712693
09/08/2024,319 - 1455 WILLIAMSPORT DRIVE,MISSISSAUGA,ONTARIO,L4X2T5,XAVIER SEBASTIAMPILLAI,ROYAL LEPAGE SIGNATURE REALTY,"$679,000",43.6188724,79.5948574
09/08/2024,577 ROSSELLINI DRIVE,MISSISSAUGA,ONTARIO,L5W1M5,NICK RANO,RE/MAX PREMIER INC.,"$1,100,000",43.6419101,79.7278282
09/08/2024,50 - 80 ACORN PLACE,MISSISSAUGA,ONTARIO,L4Z4E1,JACKY CAO,FIRST CLASS REALTY INC.,"$789,990",43.6039045,79.6477077
09/08/2024,3145 CANTELON CRESCENT,MISSISSAUGA,ONTARIO,L5N3J7,KRISH SAISHANKAR,RE/MAX COMMUNITY REALTY INC.,"$899,000",43.5741003,79.7552993
09/08/2024,4582 WILLOW CREEK DRIVE,MISSISSAUGA,ONTARIO,L5V1L1,DANIEL QUACH,RE/MAX EXCEL TITAN,"$1,399,900",43.5820157,79.6769488
09/08/2024,6303 NEUCHATEL ROAD,MISSISSAUGA,ONTARIO,L5N2J7,ALEX ABRAMOV,ROYAL LEPAGE SIGNATURE REALTY,"$999,900",43.5753332,79.7503567
09/08/2024,2817 - 4055 PARKSIDE VILLAGE DRIVE,MISSISSAUGA,ONTARIO,L5B0K8,MARTIN WU,HC REALTY GROUP INC.,"$599,000",43.5854861,79.6477509
09/08/2024,1225 FOXGLOVE PLACE,MISSISSAUGA,ONTARIO,L5V2N3,PARESHKUMAR NAIK,"CENTURY 21 PEOPLE'S CHOICE REALTY INC., BROKERAGE","$999,999",43.59406836,79.68848081
09/08/2024,23 - 680 ATWATER AVENUE,MISSISSAUGA,ONTARIO,L5G0B6,NANDA MUTHANNA PUCHIMADA,HOMELIFE SILVERCITY REALTY INC.,"$699,900",43.5740257,79.5734101
09/08/2024,305 - 550 WEBB DRIVE,MISSISSAUGA,ONTARIO,L5B3Y4,OLGA IVASHKEVICH,ATV REALTY INC,"$645,000",43.5812721,79.6456769
09/08/2024,1502 KILLKEE GATE,MISSISSAUGA,ONTARIO,L5C1L4,MIKI MIWA,COLDWELL BANKER THE REAL ESTATE CENTRE,"$1,339,000",43.5562834,79.6616788
09/08/2024,176 - 525 NOVO STAR DRIVE,MISSISSAUGA,ONTARIO,L5W1X8,VINAY SHERIA,CENTURY 21 PROPERTY ZONE REALTY INC.,"$849,888",43.6346452,79.7150202
09/08/2024,90 - 405 HYACINTHE BOULEVARD,MISSISSAUGA,ONTARIO,L5A3N1,GANNA TYMCHYSHYN,HOMELIFE/MIRACLE REALTY LTD,"$779,000",43.5991733,79.6204034
09/08/2024,107B - 4655 METCALFE AVENUE,MISSISSAUGA,ONTARIO,L5M0Z7,ANKUR KAPUR,IPRO REALTY LTD.,"$599,999",43.5564022,79.7086703
09/08/2024,1092 SHAW DRIVE,MISSISSAUGA,ONTARIO,L5G3Z4,JESSICA HOWARD,RE/MAX ESCARPMENT REALTY INC.,"$1,525,000",43.5658088,79.5750271
09/08/2024,180 MISSISSAUGA VALLEY BOULEVARD UNIT# 198,MISSISSAUGA,ONTARIO,L5A3M2,KIM CARREIRO,REMAX REALTY ENTERPRISES INC,"$688,800",43.58659582,79.62350425
08/08/2024,113 - 55 ELM DRIVE,MISSISSAUGA,ONTARIO,L5B3Z3,INNA PAK,RIGHT AT HOME REALTY,"$799,900",43.5901928,79.6329899
08/08/2024,3335 DOVETAIL MEWS,MISSISSAUGA,ONTARIO,L5L5E9,ANUM RAUF,IPRO REALTY LTD.,"$1,199,000",43.5216926,79.6958774
09/08/2024,19 - 4950 RATHKEALE ROAD,MISSISSAUGA,ONTARIO,L5V2L8,JASHAN DHILLON,RE/MAX REALTY SERVICES INC.,"$790,000",43.5768784,79.6825887
09/08/2024,719 GALLOWAY CRESCENT,MISSISSAUGA,ONTARIO,L5C3R8,FRANCESCA LU,CENTURY 21 THE ONE REALTY,"$899,000",43.5792904,79.6543249
09/08/2024,223 WEBB DRIVE UNIT# 1603,MISSISSAUGA,ONTARIO,L5B0E8,AJ UPPAL,"ROYAL LEPAGE SIGNATURE REALTY, BROKERAGE - RYLPSIG","$575,000",43.58834215,79.63961623
09/08/2024,10 - 2255 MCNAB LANE,MISSISSAUGA,ONTARIO,L5J0B3,LING YI,HOMELIFE LANDMARK REALTY INC.,"$999,800",43.5102945,79.6377078
09/08/2024,3203 - 510 CURRAN PLACE,MISSISSAUGA,ONTARIO,L5B0J8,ELLEN QI,REAL ONE REALTY INC.,"$499,999",43.5857568,79.6464652
09/08/2024,461 NAHANI WAY,MISSISSAUGA,ONTARIO,L4Z3V7,ALIEH AHMAD-SALMAN,CENTURY 21 GREEN REALTY INC.,"$1,500,000",43.6192667,79.6504681
09/08/2024,1603 - 223 WEBB DRIVE,MISSISSAUGA,ONTARIO,L5B0E8,PUJA UPPAL,ROYAL LEPAGE SIGNATURE REALTY,"$575,000",43.5883329,79.6395304
09/08/2024,3263 SIR JOHN'S HOMESTEAD,MISSISSAUGA,ONTARIO,L5L2N7,SONG HE,IPRO REALTY LTD.,"$1,498,000",43.5402068,79.6647537
09/08/2024,36 - 601 SHORELINE DRIVE,MISSISSAUGA,ONTARIO,L5B4K7,JIN HUANG,HOMELIFE LANDMARK REALTY INC.,"$964,900",43.5714882,79.6301596
09/08/2024,3496 YALE ROAD,MISSISSAUGA,ONTARIO,L5A2V5,GARY BETTS,RE/MAX REALTY SPECIALISTS INC.,"$1,199,900",43.6013626,79.6145433
09/08/2024,870 KHAN CRESCENT,MISSISSAUGA,ONTARIO,L5V2R4,ALTAF MIAN,HOMELIFE/MIRACLE REALTY LTD,"$999,988",43.6059419,79.6908644
09/08/2024,3162 CANTELON CRESCENT,MISSISSAUGA,ONTARIO,L5N3J8,STACEY ROBINSON,ROYAL LEPAGE REALTY PLUS OAKVILLE,"$949,900",43.5748604,79.7554138
09/08/2024,702 - 360 SQUARE ONE DRIVE,MISSISSAUGA,ONTARIO,L5B0G7,TIGER GUO,REAL HOME CANADA REALTY INC.,"$719,000",43.5902534,79.6486216
09/08/2024,1225 FOXGLOVE PLACE,MISSISSAUGA,ONTARIO,L5V2N3,VINITA NAIK,CENTURY 21 PEOPLE'S CHOICE REALTY INC.,"$999,999",43.5941676,79.6889443
09/08/2024,102 - 50 STRATHAVEN DRIVE,MISSISSAUGA,ONTARIO,L5R4E7,NIRAV GANDHI,RIGHT AT HOME REALTY,"$839,900",43.609812,79.6596538
09/08/2024,1266 SILVER SPEAR ROAD,MISSISSAUGA,ONTARIO,L4Y2X1,ROBYN YACK,RIGHT AT HOME REALTY,"$1,488,800",43.61929,79.6043514
09/08/2024,3254 SIR JOHNS HOMESTEAD,MISSISSAUGA,ONTARIO,L5L2P1,DANIEL MROCZKOWSKI,IPRO REALTY LTD.,"$1,599,999",43.5405539,79.6655134
09/08/2024,1824 BONNYMEDE DRIVE,MISSISSAUGA,ONTARIO,L5J1E1,MATTI SARAN,ROYAL LEPAGE REALTY CENTRE,"$1,015,000",43.5102572,79.6215205
09/08/2024,212 - 7405 GOREWAY DRIVE W,MISSISSAUGA,ONTARIO,L4T0A3,RAYMOND FOSTER,RE/MAX REALTY SERVICES INC.,"$549,900",43.7220865,79.6422268
09/08/2024,3490 CRIMSON KING CIRCLE,MISSISSAUGA,ONTARIO,L5N8M8,SHAHID KHAWAJA,SHAHID KHAWAJA REAL ESTATE INC.,"$1,349,900",43.5886271,79.7874646
09/08/2024,18 - 1330 MISSISSAUGA VALLEY BOULEVARD,MISSISSAUGA,ONTARIO,L5A3T1,CHRIS ZBOROWSKI,ROYAL LEPAGE REALTY CENTRE,"$675,000",43.5978192,79.6276088
09/08/2024,4070 CONFEDERATION PKWY PARKWAY,MISSISSAUGA,ONTARIO,L5B0E9,SUBODH SHARMA,SKILL REALTY INC.,"$679,000",43.5860759,79.6454861
09/08/2024,1205 BARNSWALLOW COURT,MISSISSAUGA,ONTARIO,L5V2J6,BRADLEY SAUVE,ROYAL LEPAGE MEADOWTOWNE REALTY,"$1,400,000",43.5926976,79.692765
09/08/2024,551 MERMAID CRESCENT,MISSISSAUGA,ONTARIO,L5G0B3,HASSAN NAEEM,EXP REALTY,"$1,309,000",43.5682357,79.5699152
09/08/2024,1820 BALSAM AVENUE S,MISSISSAUGA,ONTARIO,L5J1L2,AIDA BOTELHO,RE/MAX REAL ESTATE CENTRE INC.,"$1,450,000",43.5185952,79.6283884
09/08/2024,3648 DUNRANKIN DRIVE,MISSISSAUGA,ONTARIO,L4T1V9,HARLEEN KAUR BINDRA,CENTURY 21 PEOPLE'S CHOICE REALTY INC.,"$1,119,000",43.721761,79.6324884
09/08/2024,4115 MARIGOLD CRESCENT E,MISSISSAUGA,ONTARIO,L5L2A4,AMIR ESMAILZADE,ROYAL LEPAGE YOUR COMMUNITY REALTY,"$1,500,000",43.5392225,79.700895
09/08/2024,4707 - 60 ABSOLUTE AVENUE,MISSISSAUGA,ONTARIO,L4Z0A9,DOUGLAS HO,HOMELIFE NEW WORLD REALTY INC.,"$659,990",43.5950032,79.6351313
09/08/2024,6219 CAMGREEN CIRCLE,MISSISSAUGA,ONTARIO,L5N4N5,PETER SHARMA,"RIGHT AT HOME REALTY, BROKERAGE","$1,588,888",43.5966427,79.7156265
09/08/2024,963 HAMPTON CRESCENT S,MISSISSAUGA,ONTARIO,L5G4G7,THUSHA RATNASINGAM,RE/MAX COMMUNITY REALTY INC.,"$1,549,000",43.5673259,79.5678594
09/08/2024,3943 NIGHTSHADE LANE,MISSISSAUGA,ONTARIO,L5N7J4,RAYMUNDO PICON PEREZ CARRENO,HOMELIFE/MIRACLE REALTY LTD,"$999,000",43.5664779,79.7733898
09/08/2024,5621 WATERSFIELD AVENUE,MISSISSAUGA,ONTARIO,L5M7E9,NARCISO RODRIGUES,KELLER WILLIAMS REAL ESTATE ASSOCIATES,"$1,290,000",43.5537154,79.7427655
09/08/2024,3767 PEARLSTONE DRIVE,MISSISSAUGA,ONTARIO,L5M7H1,CLIFFORD DENNIS BARRON,RE/MAX REAL ESTATE CENTRE INC.,"$1,299,900",43.5525489,79.7508518
09/08/2024,3162 CANTELON CRESCENT,MISSISSAUGA,ONTARIO,L5N3J8,STACEY ROBINSON,"ROYAL LEPAGE REALTY PLUS OAKVILLE, BROKERAGE","$949,900",43.57485712,79.75540934
09/08/2024,609 - 1190 CAWTHRA ROAD,MISSISSAUGA,ONTARIO,L5G0A5,VOYTEK GAGATEK,ROYAL LEPAGE SIGNATURE REALTY,"$1,099,000",43.5732929,79.5718184
09/08/2024,80 ABSOLUTE AVENUE UNIT# 2507,MISSISSAUGA,ONTARIO,L4Z0A5,BRAD MILLER,"CENTURY 21 MILLER REAL ESTATE LTD., BROKERAGE","$599,000",43.59566736,79.63469974
09/08/2024,3246 DOLSON COURT,MISSISSAUGA,ONTARIO,L5L4K4,AMIN JINNAH,SIGNATURE REALTY POINT,"$1,449,000",43.5312449,79.7068796
09/08/2024,13 - 98 FALCONER DRIVE,MISSISSAUGA,ONTARIO,L5N1Y2,PETER PAPOUSEK,RE/MAX REALTY ENTERPRISES INC.,"$699,850",43.6007818,79.7304245
09/08/2024,162 - 5260 MCFARREN BOULEVARD,MISSISSAUGA,ONTARIO,L5M7J1,EARL MCCALLUM,ROYAL LEPAGE SIGNATURE REALTY,"$839,007",43.5696456,79.717234
09/08/2024,822 - 95 TRAILWOOD DRIVE,MISSISSAUGA,ONTARIO,L4Z3L2,STEVE WEISZ,RE/MAX REALTRON REALTY INC.,"$509,000",43.6156387,79.6594847
09/08/2024,2580 EDENHURST DRIVE,MISSISSAUGA,ONTARIO,L5A2L3,MICHAEL PHINNEY,ROYAL LEPAGE REAL ESTATE SERVICES PHINNEY REAL ESTATE,"$1,439,900",43.5839467,79.6103455
09/08/2024,68 - 525 MEADOWS BOULEVARD,MISSISSAUGA,ONTARIO,L4Z1H2,CHRISTIAN KENNERNEY,ROYAL LEPAGE CONNECT REALTY,"$815,000",43.6103918,79.6307462
09/08/2024,PH2201 - 4655 METCALFE AVENUE,MISSISSAUGA,ONTARIO,L5M0Z7,TONY S. KALSI,TONY K REAL ESTATE,"$699,900",43.5554295,79.7096245
09/08/2024,133 - 2095 ROCHE COURT,MISSISSAUGA,ONTARIO,L5K2C8,ALKA SHARMA,SAVE MAX REAL ESTATE INC.,"$574,999",43.5275167,79.6476494
09/08/2024,2379 GOODISON AVENUE,MISSISSAUGA,ONTARIO,L5B1W6,BILL MAKRIS,SUTTON GROUP - SUMMIT REALTY INC.,"$999,888",43.5698279,79.6164004
09/08/2024,2580 EDENHURST DRIVE,MISSISSAUGA,ONTARIO,L5A2L3,MICHAEL PHINNEY,ROYAL LEPAGE REAL ESTATE SERVICES PHINNEY REAL EST,"$1,439,900",43.58405951,79.61115033
09/08/2024,7099 VILLAGE WALK,MISSISSAUGA,ONTARIO,L5W1X5,RIAZ GHANI,RE/MAX GOLD REALTY INC.,"$1,399,000",43.6358365,79.7190774
09/08/2024,299 OJIBWAY TRAIL,MISSISSAUGA,ONTARIO,L4Z2Z4,MEHTAB MANN,DYNAMIC EDGE REALTY GROUP INC.,"$1,549,999",43.6142143,79.6470344
09/08/2024,114 ST LAWRENCE DRIVE,MISSISSAUGA,ONTARIO,L5G4V1,DONNA BROOKES,CHESTNUT PARK REAL ESTATE LIMITED,"$1,935,000",43.5555086,79.5784517
09/08/2024,2507 - 80 ABSOLUTE AVENUE,MISSISSAUGA,ONTARIO,L4Z0A5,BRAD MILLER,CENTURY 21 MILLER REAL ESTATE LTD.,"$599,000",43.5957237,79.6348588
09/08/2024,3859 TALIAS CRESCENT,MISSISSAUGA,ONTARIO,L5M6L6,JASMINE MAHEY,RE/MAX SKYWAY REALTY INC.,"$999,999",43.5455264,79.7464988
09/08/2024,3212 RIDGELEIGH HEIGHTS,MISSISSAUGA,ONTARIO,L5M6S6,SOPHIE ALEGRA GITERMAN,EASY LIST REALTY LTD.,"$1,290,786",43.5620394,79.7464529
09/08/2024,1664 SIR MONTY'S DRIVE,MISSISSAUGA,ONTARIO,L5N4R4,DARIOUSH TAHMOURESZADEH,CENTURY 21 HERITAGE GROUP LTD.,"$2,799,900",43.5977718,79.7207251
09/08/2024,188 - 103 BRISTOL ROAD E,MISSISSAUGA,ONTARIO,L4Z3P6,JESSE ARORA,RE/MAX REAL ESTATE CENTRE INC.,"$599,900",43.6166587,79.6620262
09/08/2024,198 - 180 MISSISSAUGA VALLEY BOULEVARD,MISSISSAUGA,ONTARIO,L5A3M2,KIM CARREIRO,RE/MAX REALTY ENTERPRISES INC.,"$688,800",43.5867544,79.6237832
09/08/2024,4281 CREEKS END,MISSISSAUGA,ONTARIO,L4Z1L6,JENN ROSART,KELLER WILLIAMS REAL ESTATE ASSOCIATES,"$1,639,900",43.6036924,79.6368562
09/08/2024,604 - 4677 GLEN ERIN DRIVE,MISSISSAUGA,ONTARIO,L5M2E3,JOE TU,HOMELIFE LANDMARK REALTY INC.,"$749,900",43.5555234,79.710023
09/08/2024,1474 SANDGATE CRESCENT,MISSISSAUGA,ONTARIO,L5J2E5,THOMAS GEORGE POBOJEWSKI,ROYAL LEPAGE SIGNATURE REALTY,"$899,000",43.5109694,79.6525152
09/08/2024,1629 OGDEN AVENUE,MISSISSAUGA,ONTARIO,L5E2J2,MUSTAFA ZIA,RE/MAX CENTRE MUSTAFA ZIA REALTY,"$1,749,000",43.5891745,79.5754109
09/08/2024,1474 SANDGATE CRESCENT,MISSISSAUGA,ONTARIO,L5J2E5,THOMAS POBOJEWSKI,ROYAL LEPAGE SIGNATURE REALTY,"$899,000",43.51111408,79.65218261
09/08/2024,897 FOURTH STREET,MISSISSAUGA,ONTARIO,L5E1J8,PARLAD SINGH KALIRAI,IPRO REALTY LTD.,"$1,780,000",43.576945,79.5656898
09/08/2024,4200 CREDIT POINTE DRIVE,MISSISSAUGA,ONTARIO,L5M3K2,LIT PING LAM,HOMELIFE GOLD PACIFIC REALTY INC.,"$1,280,000",43.5719513,79.6832407
09/08/2024,5701 - 3900 CONFEDERATION PARKWAY,MISSISSAUGA,ONTARIO,L5B0M3,MUHAMMAD CHHABRA,ROYAL LEPAGE REAL ESTATE SERVICES LTD.,"$599,900",43.5845952,79.6450251
09/08/2024,5548 HEATHCOTE WALK,MISSISSAUGA,ONTARIO,L5M6M7,SHAWN MICHAEL WHELAN,RE/MAX HALLMARK REALTY LTD.,"$1,299,000",43.5494294,79.7424722
09/08/2024,26 - 230 PAISLEY BOULEVARD W,MISSISSAUGA,ONTARIO,L5B0C5,LI TANG,MASTER'S CHOICE REALTY INC.,"$1,128,000",43.5712537,79.6164786
09/08/2024,47 - 3500 GLEN ERIN DRIVE,MISSISSAUGA,ONTARIO,L5L1W6,PRADEEP CHHIKARA,HOMELIFE SILVERCITY REALTY INC.,"$899,000",43.5374762,79.6883839
09/08/2024,84 - 215 MISSISSAUGA VALLEY BOULEVARD,MISSISSAUGA,ONTARIO,L5A1Y7,MICHAEL PAPIS,ROYAL LEPAGE SIGNATURE REALTY,"$808,800",43.5884986,79.6228286
09/08/2024,538 AVONWICK AVENUE,MISSISSAUGA,ONTARIO,L5R3M9,RONIA BARAKAT,RE/MAX REALTY SPECIALISTS INC.,"$1,585,000",43.6094705,79.6824187
09/08/2024,47C - 928 QUEEN STREET W,MISSISSAUGA,ONTARIO,L5H4K5,GARY BETTS,RE/MAX REALTY SPECIALISTS INC.,"$1,029,000",43.5362528,79.6057239
09/08/2024,64 - 4005 HICKORY DRIVE,MISSISSAUGA,ONTARIO,L4W1L1,MARIETTA LINADI,KELLER WILLIAMS ADVANTAGE REALTY,"$899,000",43.6218711,79.6043409
09/08/2024,86 - 2199 BURNHAMTHORPE ROAD W,MISSISSAUGA,ONTARIO,L5L5M7,PETER M. GIBSON,RE/MAX REALTY SPECIALISTS INC.,"$982,900",43.5467363,79.6867017
09/08/2024,3340 ERIN CENTRE BOULEVARD,MISSISSAUGA,ONTARIO,L5M8C3,SHAHID KHAWAJA,SHAHID KHAWAJA REAL ESTATE INC.,"$2,299,900",43.5450409,79.7322048
09/08/2024,605 - 355 RATHBURN ROAD E,MISSISSAUGA,ONTARIO,L4Z1H4,JOE BATTAGLIA,RE/MAX REALTY SPECIALISTS INC.,"$489,800",43.6070391,79.6343448
09/08/2024,3037 OWLS FOOT DRIVE,MISSISSAUGA,ONTARIO,L5M6W5,GRANT GILMOUR,RE/MAX REALTY SPECIALISTS INC.,"$1,100,000",43.564229,79.7398276
09/08/2024,2221 ROBINWOOD COURT,MISSISSAUGA,ONTARIO,L5M5B8,MICHAEL YEO,LIVING REALTY INC.,"$2,520,000",43.5708654,79.7085958
09/08/2024,125 - 8 NAHANI WAY,MISSISSAUGA,ONTARIO,L4Z4J8,ANU ARYA,HOMELIFE/MIRACLE REALTY LTD,"$1,098,000",43.6095441,79.6556881
09/08/2024,2792 HAMMOND ROAD,MISSISSAUGA,ONTARIO,L5K2P9,ALLY YAO,HOME & CAPITAL REALTY INC.,"$1,419,900",43.535233,79.6628321
09/08/2024,3256 CAMBERWELL DRIVE,MISSISSAUGA,ONTARIO,L5M6T2,SAJAD AHMED,RE/MAX MILLENNIUM REAL ESTATE,"$899,000",43.5619489,79.7490668
09/08/2024,706 - 36 ELM DRIVE,MISSISSAUGA,ONTARIO,L5B0N3,JESSE STUART TAYLOR,UNRESERVED,"$499,000",43.5899313,79.631833
09/08/2024,4541 BAY VILLA AVENUE,MISSISSAUGA,ONTARIO,L5M4N9,JORIE PRESSWOOD,RE/MAX REALTY SPECIALISTS INC.,"$1,150,000",43.5555077,79.7042365
09/08/2024,3901 MAYLA DRIVE,MISSISSAUGA,ONTARIO,L5M7Y8,FARIDA ASAD,HOMELIFE/MIRACLE REALTY LTD,"$1,349,900",43.5434413,79.7399339
09/08/2024,3847 PASSWAY ROAD,MISSISSAUGA,ONTARIO,L5N8N8,JOSE (JOJO) A.M TORRALBA,CENTURY 21 ASSOCIATES INC.,"$1,447,500",43.5845669,79.7929364
09/08/2024,1615 BLANEFIELD ROAD,MISSISSAUGA,ONTARIO,L5G4H3,ERIC AXIAK,REALTY EXECUTIVES PLUS LTD,"$1,100,000",43.5805913,79.5841562
09/08/2024,3798 SWIFTDALE DRIVE,MISSISSAUGA,ONTARIO,L5M6M5,TAMER HOSNY DARWISH,ROYAL LEPAGE REAL ESTATE SERVICES LTD.,"$1,499,000",43.5505351,79.7432714
09/08/2024,769 CLEMENS CRESCENT,MISSISSAUGA,ONTARIO,L5V2S9,JIMMY HUY HA,HOMELIFE LANDMARK REALTY INC.,"$1,499,000",43.6159369,79.7043085
09/08/2024,65 PORT STREET E UNIT# 512,MISSISSAUGA,ONTARIO,L5G4V3,MICHELLE ANTOINETTE BAILEY,"SOTHEBY'S INTERNATIONAL REALTY CANADA, BROKERAGE","$1,699,945",43.55398428,79.58086135
09/08/2024,7241 CUSTER CRESCENT,MISSISSAUGA,ONTARIO,L4T3B1,SANDY BHUTANI,ROYAL LEPAGE SIGNATURE REALTY,"$899,000",43.726732,79.6284884
09/08/2024,1808 - 4675 METCALFE AVENUE,MISSISSAUGA,ONTARIO,L5M0Z7,JOANNA KAZIMIERCZAK,ROYAL LEPAGE SIGNATURE REALTY,"$595,000",43.5562067,79.7079878
09/08/2024,3137 ECLIPSE AVENUE,MISSISSAUGA,ONTARIO,L5M7X3,ZARIFA BAHRAN,REAL BROKER ONTARIO LTD.,"$1,199,900",43.5457115,79.7232868
09/08/2024,2695 ROMARK MEWS,MISSISSAUGA,ONTARIO,L5L2Z4,RONAK SHARMA,SAVE MAX REAL ESTATE INC.,"$899,000",43.543811,79.6943353
09/08/2024,7179 DELMONTE CRESCENT,MISSISSAUGA,ONTARIO,L4T3L4,CARMEN SHOUKRALLA,WEST-100 CAPITAL REALTY INC.,"$1,099,000",43.7264442,79.6261146
09/08/2024,31 - 525 MEADOWS BOULEVARD,MISSISSAUGA,ONTARIO,L4Z1H2,MARIA URSINI,RE/MAX CONDOS PLUS CORPORATION,"$850,000",43.6103918,79.6307462
09/08/2024,1 - 6050 BIDWELL TRAIL,MISSISSAUGA,ONTARIO,L5V1V6,MARIA URSINI,RE/MAX CONDOS PLUS CORPORATION,"$995,000",43.6011181,79.7110788
09/08/2024,2710 QUAILS RUN,MISSISSAUGA,ONTARIO,L5M5K3,ANDREW DOUMONT,KELLER WILLIAMS REFERRED URBAN REALTY,"$1,749,000",43.5726982,79.7330233
09/08/2024,3178 HUXLEY DRIVE,MISSISSAUGA,ONTARIO,L5L4S7,LEO MANCHISI,EXP REALTY,"$1,399,000",43.5312662,79.702385
09/08/2024,PT LT 2 - 1470 PINETREE CRESCENT,MISSISSAUGA,ONTARIO,L5G2S8,PETER PHILIP PAPOUSEK,RE/MAX ESCARPMENT REALTY INC.,"$2,699,000",43.5561771,79.6037016
09/08/2024,1703 - 4070 CONFEDERATION PARKWAY,MISSISSAUGA,ONTARIO,L5B0E9,HENRY PICON,SUTTON GROUP - SUMMIT REALTY INC.,"$559,900",43.585834,79.6463002
09/08/2024,808 - 1271 WALDEN CIRCLE,MISSISSAUGA,ONTARIO,L5J4R4,DORIS WOOD,SOTHEBY'S INTERNATIONAL REALTY CANADA,"$834,600",43.5127912,79.6292917
09/08/2024,3855 THOMAS STREET,MISSISSAUGA,ONTARIO,L5M7A6,SAM ALLAN MCDADI,SAM MCDADI REAL ESTATE INC.,"$1,600,000",43.5514002,79.7477123
09/08/2024,1175 OGDEN AVENUE,MISSISSAUGA,ONTARIO,L5E2G8,ROMEY HALABI,SAGE REAL ESTATE LIMITED,"$2,899,900",43.5805169,79.5633221
09/08/2024,3437 BURNINGOAK CRESCENT,MISSISSAUGA,ONTARIO,L4Y3L6,ANDREI MAZOUR,RIGHT AT HOME REALTY,"$1,499,000",43.6101528,79.6054004
09/08/2024,137 HIGH STREET W,MISSISSAUGA,ONTARIO,L5H1K4,CHRISTOPHER THOMSON,ROYAL LEPAGE REAL ESTATE SERVICES LTD.,"$1,999,000",43.5455281,79.5938895
09/08/2024,6 - 3065 LENESTER DRIVE,MISSISSAUGA,ONTARIO,L5C2B8,NIYASAN RAMACHANDRAN,RE/MAX COMMUNITY REALTY INC.,"$699,000",43.5556061,79.6475898
09/08/2024,1635 KENMUIR AVENUE,MISSISSAUGA,ONTARIO,L5G4B6,ROBERT PIPERNI,EXP REALTY,"$1,500,000",43.57725,79.5885767
09/08/2024,5202 BUTTERMILL COURT,MISSISSAUGA,ONTARIO,L5V1S4,EDWARD H. S. CHAN,HOMELIFE BROADWAY REALTY INC.,"$1,380,000",43.58019,79.6870722
09/08/2024,21 - 5255 PALMETTO PLACE,MISSISSAUGA,ONTARIO,L5M0H2,MANOJ KARATHA,THE CANADIAN HOME REALTY INC.,"$974,900",43.55165,79.7244608
09/08/2024,1003 - 55 EGLINTON AVENUE W,MISSISSAUGA,ONTARIO,L5R0E4,WAYNE XU,BAY STREET GROUP INC.,"$598,000",43.6064318,79.6543282
09/08/2024,3970 STARDUST DRIVE,MISSISSAUGA,ONTARIO,L5M8A5,ZAINAB RAZA,CENTURY 21 PEOPLE'S CHOICE REALTY INC.,"$1,050,000",43.5368578,79.7337088
09/08/2024,3227 RAINDANCE CRESCENT,MISSISSAUGA,ONTARIO,L5N8L7,NADIA MELANIE MECO,ROYAL LEPAGE REAL ESTATE SERVICES LTD.,"$975,000",43.5882461,79.7849061
09/08/2024,584 ASHPRIOR AVENUE,MISSISSAUGA,ONTARIO,L5R3N2,NICK CROZIER,KELLER WILLIAMS REAL ESTATE ASSOCIATES,"$1,099,999",43.6115058,79.6847705
09/08/2024,3834 ALTHORPE CIRCLE,MISSISSAUGA,ONTARIO,L5N7G3,IAN WILSON,ROYAL LEPAGE REAL ESTATE SERVICES LTD.,"$1,149,900",43.5791556,79.7910857
09/08/2024,2307 - 3985 GRAND PARK DRIVE,MISSISSAUGA,ONTARIO,L5B0K4,SUSANNE MASTROMATTEI,CENTURY 21 ATRIA REALTY INC.,"$589,900",43.5816391,79.648193
09/08/2024,1760 SOLITAIRE COURT,MISSISSAUGA,ONTARIO,L5L2P3,ERIN C HAYES,RE/MAX ESCARPMENT REALTY INC.,"$1,799,900",43.542759,79.6624228
09/08/2024,66 - 1624 BLOOR STREET E,MISSISSAUGA,ONTARIO,L4X2S2,BASHAR ABDEL HADI,GFA REALTY LTD.,"$619,990",43.6212954,79.5885685
09/08/2024,1983 BARBER HOUSE LANE,MISSISSAUGA,ONTARIO,L5M2G9,ZIA MD NOWROZ BHUIYAN,CENTURY 21 PEOPLE'S CHOICE REALTY INC.,"$1,490,000",43.5718979,79.6995276
09/08/2024,5225 SWIFTCURRENT TRAIL,MISSISSAUGA,ONTARIO,L5R2H9,DINO PREZIO,ROYAL LEPAGE SIGNATURE REALTY,"$1,588,000",43.6070455,79.6665208
09/08/2024,4563 GUILDWOOD WAY,MISSISSAUGA,ONTARIO,L5R1Z2,BOBBY RHEE,UNION CAPITAL REALTY,"$1,628,000",43.5924935,79.6652205
09/08/2024,1802 - 3100 KIRWIN AVENUE,MISSISSAUGA,ONTARIO,L5A3S6,SHAHID KHAWAJA,SHAHID KHAWAJA REAL ESTATE INC.,"$568,900",43.5838736,79.6165553
09/08/2024,2516 MERRINGTON CRESCENT,MISSISSAUGA,ONTARIO,L5K2B9,JESSICA RA,SUTTON GROUP QUANTUM REALTY INC.,"$1,279,000",43.5208505,79.6765527
09/08/2024,7294 VERNOR DRIVE,MISSISSAUGA,ONTARIO,L4T2P4,HARJIT KAUR,RE/MAX GOLD REALTY INC.,"$969,900",43.7152987,79.6440102
09/08/2024,3212 RIDGELEIGH HEIGHTS S,MISSISSAUGA,ONTARIO,L5M6S6,SOPHIE ALEGRA GITERMAN,EASY LIST REALTY LTD.,"$1,290,786",43.56204284,79.74646899
09/08/2024,2516 MERRINGTON CRESCENT,MISSISSAUGA,ONTARIO,L5K2B9,JESSICA RA,"SUTTON GROUP QUANTUM REALTY INC., BROKERAGE","$1,279,000",43.52084654,79.67656546
09/08/2024,271 LECH WALESA DRIVE,MISSISSAUGA,ONTARIO,L5B3H3,KEVIN YU,ROYAL LEPAGE TERREQUITY KEVIN YU REALTY,"$1,279,000",43.5798026,79.6300037
09/08/2024,2622 CRYSTALBURN AVENUE,MISSISSAUGA,ONTARIO,L5B2N8,DAVID TIBURCIO,ROYAL LEPAGE REALTY CENTRE,"$1,189,900",43.5684879,79.6282325
09/08/2024,206 - 1050 STAINTON DRIVE,MISSISSAUGA,ONTARIO,L5C2T7,ASEF RAFIQI,RIGHT AT HOME REALTY,"$580,000",43.5591099,79.6437362
09/08/2024,512 - 65 PORT STREET E,MISSISSAUGA,ONTARIO,L5G4V3,MICHELLE BAILEY,SOTHEBY'S INTERNATIONAL REALTY CANADA,"$1,699,945",43.5537887,79.5808871
09/08/2024,24 - 7560 GOREWAY DRIVE,MISSISSAUGA,ONTARIO,L4T2V2,ARUNA RANI BHATIA,CENTURY 21 PEOPLE'S CHOICE REALTY INC.,"$750,000",43.7244358,79.6467491
09/08/2024,653 TEDWYN DRIVE,MISSISSAUGA,ONTARIO,L5A1K4,FAZAL AZEEM,CENTURY 21 REGAL REALTY INC.,"$1,099,888",43.5863225,79.5896369
09/08/2024,14 - 6860 MEADOWVALE TOWN CNTR CIRCLE,MISSISSAUGA,ONTARIO,L5N7T4,MOIZ ABDUL,SAVE MAX UNIVERSAL REALTY,"$839,900",43.5841968,79.7576204
09/08/2024,460 BRISTOL ROAD W UNIT# 4,MISSISSAUGA,ONTARIO,L5R3P6,JOSHUA MCGUIRE,RE/MAX REAL ESTATE CENTRE INC.,"$859,000",43.60395448,79.66975066
09/08/2024,509 - 1 HURONTARIO STREET,MISSISSAUGA,ONTARIO,L5G3G8,MONIQUE LEBLANC-SMITH,SOTHEBY'S INTERNATIONAL REALTY CANADA,"$997,700",43.5561481,79.5823801
09/08/2024,3209 - 4065 CONFEDERATION PARKWAY,MISSISSAUGA,ONTARIO,L5B4N1,MONA LIU,BAY STREET GROUP INC.,"$510,000",43.5866892,79.6467391
09/08/2024,4581 CROSSWINDS DRIVE,MISSISSAUGA,ONTARIO,L5V1G4,MASSIMO SULTANA,IPRO REALTY LTD.,"$1,299,900",43.5839083,79.6748423
09/08/2024,1701 - 400 WEBB DRIVE,MISSISSAUGA,ONTARIO,L5B3Z7,PETER TU LAM,TRADEWORLD REALTY INC,"$598,000",43.5837264,79.6430321
09/08/2024,1635 KENMUIR AVENUE,MISSISSAUGA,ONTARIO,L5G4B6,ROBERT PIPERNI,EXP REALTY OF CANADA INC,"$1,500,000",43.57721699,79.58861157
09/08/2024,3227 RAINDANCE CRESCENT,MISSISSAUGA,ONTARIO,L5N8L7,NADIA MECO,"ROYAL LEPAGE REAL ESTATE SERVICES LTD., BROKERAGE","$975,000",43.58843409,79.78477735
09/08/2024,584 ASHPRIOR AVENUE,MISSISSAUGA,ONTARIO,L5R3N2,NICHOLAS CROZIER,KELLER WILLIAMS REAL ESTATE ASSOCIATES,"$1,099,999",43.61150192,79.68474904
09/08/2024,1760 SOLITAIRE COURT,MISSISSAUGA,ONTARIO,L5L2P3,ERIN C. HAYES,"RE/MAX ESCARPMENT REALTY INC., BROKERAGE","$1,799,900",43.54258793,79.66258373
09/08/2024,3037 OWLS FOOT DRIVE,MISSISSAUGA,ONTARIO,L5M6W5,GRANT GILMOUR,REMAX REALTY SPECIALISTS INC MILLCREEK DRIVE,"$1,100,000",43.56407847,79.73978182
09/08/2024,194 QUEEN STREET W,MISSISSAUGA,ONTARIO,L5H1L6,NALIN NANDRAJOG,EXIT REALTY HARE (PEEL),"$1,299,800",43.5440474,79.5996305
09/08/2024,345 ASPENDALE CRESCENT,MISSISSAUGA,ONTARIO,L5W0E7,SEBASTIEN DUSSEAULT,ROYAL LEPAGE NRC REALTY,"$899,900",43.638626,79.717864
09/08/2024,2057 SNOW CRESCENT,MISSISSAUGA,ONTARIO,L4Y1T3,MATTHEW HILL,ROYAL LEPAGE MEADOWTOWNE REALTY,"$2,990,000",43.5951162,79.5735388
09/08/2024,6155 SNOWY OWL CRESCENT,MISSISSAUGA,ONTARIO,L5N7B5,KASHIF SIDDIQUI,RE/MAX REAL ESTATE CENTRE INC.,"$915,000",43.5571277,79.7601081
09/08/2024,11 - 3355 THOMAS STREET,MISSISSAUGA,ONTARIO,L5M0P7,ELISABETTA GENOVA,CENTURY 21 PEOPLE'S CHOICE REALTY INC.,"$779,000",43.5595417,79.7401847
09/08/2024,1230 SHADELAND DRIVE,MISSISSAUGA,ONTARIO,L5C1P5,MO SNOBAR,SNOBAR REALTY GROUP INC.,"$1,039,000",43.5623452,79.6575958
09/08/2024,439 - 570 LOLITA GARDENS,MISSISSAUGA,ONTARIO,L5A0A1,LINO FEIJO,HOMELIFE REGIONAL REALTY LTD.,"$629,900",43.5926938,79.6042752
09/08/2024,1808 - 4235 SHERWOODTOWNE BOULEVARD,MISSISSAUGA,ONTARIO,L4Z1W3,CHEMICA ANDERSON,PROPERTY.CA INC.,"$698,000",43.6004533,79.6389869
09/08/2024,3363 BOBWHITE MEWS,MISSISSAUGA,ONTARIO,L5N6E7,HAMAM ALSAMEL,ROYAL LEPAGE SIGNATURE REALTY,"$899,000",43.568561,79.7635675
09/08/2024,292 LAURENTIAN AVENUE,MISSISSAUGA,ONTARIO,L4Z2S2,JEFF MACKO,RE/MAX PROFESSIONALS INC.,"$1,535,000",43.6084097,79.6393988
09/08/2024,1470 PINETREE CRESCENT UNIT# PT LT 2,MISSISSAUGA,ONTARIO,L5G2S8,PETER PHILIP PAPOUSEK,"RE/MAX ESCARPMENT REALTY INC., BROKERAGE","$2,699,000",43.55606446,79.60410528
09/08/2024,3428 MARTINS PINE CRESCENT,MISSISSAUGA,ONTARIO,L5L1G4,JOHN JOSEPH KELLY,BETTER HOMES AND GARDENS REAL ESTATE SIGNATURE SERVICE,"$899,900",43.5344027,79.6826818
09/08/2024,2057 SNOW CRESCENT,MISSISSAUGA,ONTARIO,L4Y1T3,MATTHEW HILL,"ROYAL LEPAGE MEADOWTOWNE REALTY INC., BROKERAGE","$2,990,000",43.59511944,79.57357493
09/08/2024,7173 VILLAGE WALK,MISSISSAUGA,ONTARIO,L5W1X2,SULOSAN THANGARAJAH,REMAX ROYAL PROPERTIES REALTY,"$1,148,000",43.63683747,79.72064532
09/08/2024,1008 - 2323 CONFEDERATION PARKWAY,MISSISSAUGA,ONTARIO,L5B1R6,AUDAY ZAKKO,RE/MAX REALTY SPECIALISTS INC.,"$574,900",43.5729956,79.6117386
09/08/2024,6346 NEUCHATEL ROAD,MISSISSAUGA,ONTARIO,L5N2J8,RAYO IRANI,"RE/MAX ABOUTOWNE REALTY CORP., BROKERAGE","$1,197,900",43.57628065,79.7517728
09/08/2024,1445 APPLEWOOD ROAD,MISSISSAUGA,ONTARIO,L5E2L9,AATEF WALI,RE/MAX GOLD REALTY INC.,"$1,549,000",43.5875307,79.5685533
09/08/2024,3090 PATRICK CRESCENT,MISSISSAUGA,ONTARIO,L5N3G5,SARWAR JAHIR,HOMELIFE/MIRACLE REALTY LTD,"$989,000",43.5747569,79.7574384
09/08/2024,1208 - 4065 CONFEDERATION PARKWAY,MISSISSAUGA,ONTARIO,L5B0L4,MOEEN SAMI QURESHI,RE/MAX GOLD REALTY INC.,"$888,888",43.5866892,79.6467391
09/08/2024,6539 EDENWOOD DRIVE,MISSISSAUGA,ONTARIO,L5N3H2,HAMID INTEZAM,MODERN SOLUTION REALTY INC.,"$1,200,000",43.5766824,79.7559126
09/08/2024,6346 NEUCHATEL ROAD,MISSISSAUGA,ONTARIO,L5N2J8,RAYO IRANI,RE/MAX ABOUTOWNE REALTY CORP.,"$1,197,900",43.5762901,79.7517728
09/08/2024,105 - 180 MISSISSAUGA VALLEY BOULEVARD N,MISSISSAUGA,ONTARIO,L5A3M2,KHOA NGUYEN,REALTY WEALTH GROUP INC.,"$729,000",43.5867544,79.6237832
09/08/2024,206 - 1320 MISSISSAUGA VALLEY BOULEVARD,MISSISSAUGA,ONTARIO,L5A3S9,FAWAZ BAHNAM,SEARCH REALTY,"$609,000",43.5987719,79.6270506
09/08/2024,3602 - 60 ABSOLUTE AVENUE,MISSISSAUGA,ONTARIO,L4Z0A9,RAMAN GUPTA,RE/MAX GOLD REALTY INC.,"$750,000",43.5950032,79.6351313
09/08/2024,1140 HALLIDAY AVENUE,MISSISSAUGA,ONTARIO,L5E1P9,SAM ALLAN MCDADI,SAM MCDADI REAL ESTATE INC.,"$2,188,000",43.585138,79.5643501
09/08/2024,2377 BELCARO WAY,MISSISSAUGA,ONTARIO,L5M2M6,ALEX ABRAMOV,ROYAL LEPAGE SIGNATURE REALTY,"$1,300,000",43.5804674,79.7287675
09/08/2024,37 - 80 ACORN PLACE,MISSISSAUGA,ONTARIO,L4Z3S7,TJ WU,REAL ONE REALTY INC.,"$889,000",43.6039065,79.6444556
09/08/2024,760 ASHBURNHAM PLACE,MISSISSAUGA,ONTARIO,L5C3W5,RENAN MENDIOLA,SUTTON GROUP REALTY SYSTEMS INC.,"$964,800",43.5801841,79.6570617
09/08/2024,706 - 265 ENFIELD PLACE,MISSISSAUGA,ONTARIO,L5B3Y7,ANDREW FLORES,ROYAL LEPAGE SIGNATURE REALTY,"$629,900",43.59081,79.63616
09/08/2024,1980 BARBER HOUSE LANE,MISSISSAUGA,ONTARIO,L5M2G9,SAM ALLAN MCDADI,SAM MCDADI REAL ESTATE INC.,"$850,000",43.5708528,79.6972298
09/08/2024,2163 ROYAL GALA CIRCLE,MISSISSAUGA,ONTARIO,L4Y0H2,SAM ALLAN MCDADI,SAM MCDADI REAL ESTATE INC.,"$1,850,000",43.5992157,79.5716265
09/08/2024,2159 ROYAL GALA CIRCLE,MISSISSAUGA,ONTARIO,L4Y0H2,SAM ALLAN MCDADI,SAM MCDADI REAL ESTATE INC.,"$1,850,000",43.599291,79.5717345
09/08/2024,2530 - 3888 DUKE OF YORK BOULEVARD S,MISSISSAUGA,ONTARIO,L5B4P5,ANDRE CHRISTOPHER MCALLISTER,EXP REALTY,"$549,999",43.5876422,79.641571
09/08/2024,1982 BARBER HOUSE LANE,MISSISSAUGA,ONTARIO,L5M2G9,SAM ALLAN MCDADI,SAM MCDADI REAL ESTATE INC.,"$850,000",43.5718145,79.6993499
09/08/2024,2110 ROYAL GALA CIRCLE,MISSISSAUGA,ONTARIO,L4H0H2,SAM ALLAN MCDADI,SAM MCDADI REAL ESTATE INC.,"$1,850,000",43.599425,79.5711162
09/08/2024,2B IROQUOIS AVENUE,MISSISSAUGA,ONTARIO,L5G1M6,SAM ALLAN MCDADI,SAM MCDADI REAL ESTATE INC.,"$1,900,000",43.5630335,79.5780249
09/08/2024,1371 WEIR CHASE,MISSISSAUGA,ONTARIO,L5V2X1,SRI NADARAJASUNDRAM,RE/MAX ACE REALTY INC.,"$1,199,000",43.5958252,79.7064879
09/08/2024,1442 EMERSON LANE,MISSISSAUGA,ONTARIO,L5V1L6,RAMAN GOGNA,HOMELIFE/MIRACLE REALTY LTD,"$1,275,000",43.6005729,79.7125954
09/08/2024,2126 GRANGE DRIVE,MISSISSAUGA,ONTARIO,L5B1P5,MONIKA ANNA KAMYCKI,ROYAL LEPAGE REAL ESTATE SERVICES LTD.,"$2,698,800",43.5698008,79.6047664
08/08/2024,7332 ZINNIA PLACE,MISSISSAUGA,ONTARIO,L5W1K6,RITESHKUMAR PATEL,CENTURY 21 EMPIRE REALTY INC,"$1,249,000",43.6382722,79.7318009
09/08/2024,2301 DERRY ROAD W,MISSISSAUGA,ONTARIO,L5N2R4,MAURO PEZZELATO,RE/MAX ESCARPMENT REALTY INC.,"$499,900",43.593219,79.766686
09/08/2024,135 HILLCREST AVENUE,MISSISSAUGA,ONTARIO,L5B4B1,LEE REDWOOD,EXP REALTY,"$559,900",43.580865,79.625569
08/08/2024,50 ABSOLUTE AVENUE,MISSISSAUGA,ONTARIO,L4Z0A8,DOROTA KOSIBA,"KELLER WILLIAMS EDGE REALTY, BROKERAGE","$489,999",43.595585,79.635361
08/08/2024,325 WEBB DRIVE,MISSISSAUGA,ONTARIO,L5B3Z9,WALTER GALVAO,"KELLER WILLIAMS EDGE REALTY, BROKERAGE","$629,000",43.586012,79.64166
09/08/2024,3100 KIRWIN AVENUE,MISSISSAUGA,ONTARIO,L5A3S6,JESSICA ALEXOPOULOS,ROYAL LEPAGE MACRO REALTY,"$569,000",43.583772,79.616395
09/08/2024,1 ELM DRIVE W,MISSISSAUGA,ONTARIO,L5B4M1,VINCENT LABAYOG,EXP REALTY,"$649,990",43.590588,79.631764
09/08/2024,1575 LAKESHORE ROAD W,MISSISSAUGA,ONTARIO,L5J0B1,JESSICA MAGILL,RE/MAX ESCARPMENT REALTY INC.,"$679,000",43.521001,79.620208
09/08/2024,1000 CEDARGLEN GATE,MISSISSAUGA,ONTARIO,L5C3Z5,VINCENT LABAYOG,EXP REALTY,"$599,900",43.559026,79.637989
